y_pred_prob,y_pred_class,y_pred_soil_pct
0.013918966800056323,0,77.05389383037222
0.0028986707952406003,0,76.01046909750944
0.012189586562799172,0,79.29148733466585
0.03365197988189128,0,78.02761078495381
0.031220660190596276,0,77.22945512280555
0.019709297640709902,0,76.2661896089699
0.022500851024788496,0,79.97796620282156
0.02429071465290956,0,73.15077197130117
0.033844687603331515,0,68.60394590015578
0.022369705061375617,0,78.22112503142344
0.022456589730933486,0,76.6309953183656
0.03250404880596307,0,76.57321042440647
0.03342928539848593,0,77.87189435347302
0.024308906111658448,0,75.81080112091536
0.026499728908491747,0,78.23446692567494
0.014278259272712836,0,76.55065569963591
0.05492269764626848,0,75.37427331789414
0.02518770518039515,0,71.21042776946324
0.07519433555874298,0,73.01646392288936
0.0427515879032251,0,78.38482638169961
0.016245224346390922,0,77.96072684755731
0.07889355010620874,0,79.74293548605397
0.05935539464796299,0,77.72523232678503
0.054811559476918334,0,75.55107163698229
0.057535917627618394,0,77.33057545944564
0.05557399762910749,0,78.65650403839058
0.03603055355484523,0,79.343921023579
0.03698409646673707,0,72.85659778205633
0.04463031679733167,0,78.02034485057627
0.057253256087887984,0,74.98245063936109
0.05780063907525492,0,71.25082745047337
0.06937589940205968,0,68.61831491922992
0.09667849333719239,0,74.84963763152221
0.07613755134124035,0,78.29268583476349
0.0880088391361636,0,77.6954488088128
0.08828532838026217,0,77.85053861215938
0.07778571693327514,0,78.74212571684278
0.07679749977694188,0,78.42578757135668
0.08573762457407956,0,78.23991348053521
0.09772991800056519,0,78.0367363843311
0.07556946767749233,0,81.67812022879374
0.07239352404832737,0,78.97695285543135
0.08583284963511904,0,68.96251254573957
0.07580378901893912,0,75.38141558168176
0.09707629657878356,0,77.19757175764111
0.08915224557242063,0,70.76547747945308
0.07860786995281073,0,70.15041313892647
0.10520211860073916,0,76.84822752990854
0.06593507223746671,0,79.17512025021722
0.06890102153463752,0,77.6534331610251
0.0702198017056579,0,80.00649672162743
0.05762327220658353,0,73.83209094365668
0.04532985763408735,0,77.22785091914318
0.05911826266075032,0,78.61862973282277
0.047131046333737645,0,76.30564770960568
0.05844442377683922,0,75.84177506601947
0.0676724030714448,0,77.33279683819337
0.05656733873122555,0,78.06330688212407
0.05423754072044231,0,79.49046849864266
0.0706852921881851,0,78.15329843066155
0.07460425072464838,0,80.96155430524024
0.06444336643505381,0,78.76057826186336
0.04302168946880911,0,79.08357754645495
0.023674329303471242,0,78.90935479367882
0.043576183845485394,0,79.65795822366381
0.04546593956649847,0,79.57812059362824
0.031837679322613485,0,78.64395105832904
0.0833969273686831,0,78.4258714456694
0.044179073225036086,0,79.49495459531268
0.04211860212227322,0,75.76603845738369
0.07604446769559288,0,76.21893451004685
0.04337310037756287,0,76.66891544088966
0.08246788953307639,0,79.16252307626183
0.056572969787973174,0,75.37957599142278
0.053567156104059474,0,68.33831087773075
0.08280385146627314,0,67.63441149649049
0.07673202820885777,0,78.4706392544344
0.04505139030599877,0,77.71626131620651
0.08645336396012347,0,76.79881652940706
0.07692305056837755,0,74.68579796507102
0.056920676839494616,0,76.62905264156105
0.05783037933648842,0,76.246161890167
0.05327593651733206,0,77.721596483256
0.07395409909255622,0,78.67623436011883
0.037505631487906574,0,75.54193651756857
0.05382350998446937,0,68.36118982012114
0.05082297248248221,0,74.87005550979512
0.03860639417083814,0,71.88246184307772
0.08172290556609163,0,67.87372083800756
0.05896422757550294,0,69.23241756832375
0.09325570887614265,0,78.52447295780587
0.07672511990543535,0,71.14450829835215
0.050020302892498106,0,76.37900568059578
0.06737077947639401,0,79.53618045540361
0.04692875461261365,0,78.93548715043207
0.057023893541496104,0,76.40803951382097
0.07158703754640668,0,74.09016077392296
0.07436985098758604,0,77.11890000801927
0.05351028219197362,0,70.62257153232522
0.05485490796547188,0,68.15741351239618
0.03929497186601999,0,75.87116106427634
0.056305479086120075,0,72.48456677831328
0.0690242904226758,0,75.21136121062074
0.029636497407633088,0,74.75246649106565
0.033706559651531534,0,73.53661738125099
0.029610989094167314,0,68.96256601634606
0.04678865785300333,0,71.25867348832514
0.05756744877662978,0,67.45091101710521
0.04972089037761965,0,74.57457091559887
0.07708363454299916,0,68.09712407000796
0.07545837945255593,0,67.7438563115593
0.10902299108968352,0,78.24395176804268
0.06681367097034178,0,75.23307954248713
0.0781127413444816,0,72.94080601500373
0.07776792222692847,0,75.26118402495634
0.10085302256980298,0,71.0249027790312
0.09450932965703691,0,71.44088751110766
0.1355208005939628,0,76.10129237675984
0.14988381666909467,0,67.37907674112449
0.12951226508398753,0,71.26278140261475
0.1178595950026769,0,72.56490562761053
0.12737969913845323,0,70.54391273623177
0.1291653077854771,0,74.78286605815372
0.1283778525052165,0,68.88234192774455
0.12399027012612471,0,72.03686568197381
0.1578798257047308,0,71.26397070438388
0.1804071112584417,0,75.41036380075738
0.19769779433839202,0,68.19098474950985
0.15372974388356653,0,70.70898004803918
0.1528751076329707,0,66.89771020184189
0.18021526594315698,0,67.2897707545675
0.18313609163373865,0,65.57148057713346
0.1725370227687229,0,71.72272637708937
0.14795473684822885,0,77.45431761484699
0.20734616922348345,0,68.98501029259313
0.20843891330714034,0,66.22822689131705
0.18954941927716365,0,67.25395185173686
0.13242454606562226,0,67.58499291038864
0.19323270457017083,0,76.042433734023
0.22697319365522317,0,74.8191514401362
0.21457618704474463,0,74.8206940993254
0.13931471463747927,0,80.77596122115355
0.1805905433527318,0,68.88348354704156
0.21998782304940231,0,70.63094426576937
0.18185693138048528,0,71.65556532017489
0.1782279102714037,0,69.00042586268059
0.17646875883718977,0,75.3476558776427
0.19457535403054302,0,76.70236794410914
0.24498872679548153,0,70.3561138878382
0.266868710255568,0,68.31554305124206
0.18797039632612697,0,74.74321285811274
0.1796419676719968,0,77.85515450551021
0.178889998687537,0,80.37895627074118
0.22046238511431146,0,75.16037499900185
0.22889859149783243,0,70.74139133375894
0.24470760795972102,0,75.405162852606
0.24793016026275402,0,75.99612088951814
0.25845419122645374,0,75.06483681698984
0.2712183571965258,0,70.95400138085694
0.24956660177518952,0,76.39999821802888
0.2810985358340975,0,75.01513034216369
0.270588574764527,0,71.79168486164522
0.24756453133694425,0,76.43627367176478
0.21113884585061057,0,78.17676028329291
0.22745071532444314,0,78.94028269040741
0.20381701907222008,0,76.01699599098565
0.25437793586035506,0,71.57577789989945
0.28538412384585504,0,75.20851757511348
0.2640700615311118,0,78.61706122109835
0.2863910630171722,0,74.98258761692564
0.27753608679295694,0,68.94009400608414
0.3039023140893852,0,73.37868968587934
0.3146247386147638,0,77.85691655293328
0.31477178032634945,0,78.90163038937568
0.3058043946792033,0,75.18831757490516
0.29856163414286174,0,69.46326707203826
0.3097996853008792,0,68.51914815566698
0.34356878259539064,0,68.79474358908685
0.3287820995750064,0,71.79467494637093
0.30637540297829086,0,76.72994764081571
0.32906967656077213,0,73.87775429300449
0.2981219314402807,0,72.86894724029
0.30926335210783173,0,75.48319364339187
0.3231745501371917,0,78.91703618314372
0.3331602289090413,0,77.41506016996897
0.3245807257899876,0,77.44501548277209
0.3025399460297731,0,75.61696248603455
0.28775367791758505,0,71.22928695344216
0.3430790512917588,0,70.03248464183223
0.4018782282677369,0,68.72462179047942
0.28955721204196294,0,71.69899423467955
0.2992438081265808,0,69.98918892697338
0.30603802966401217,0,72.84855872455863
0.30047087075566214,0,73.13884713843699
0.28830718452940163,0,73.44276072974357
0.333995249689728,0,75.81803135607403
0.29546966891232196,0,77.27541586380647
0.26473283274285647,0,75.20298924690472
0.2657922239507477,0,68.48583449259706
0.30897957133042,0,77.60578617956368
0.32942659622892045,0,77.79335653446245
0.32258321395451645,0,69.93958819916952
0.3124489453454649,0,67.68140084205758
0.2997730584849483,0,69.1638460572431
0.28676054041611393,0,69.82826667163576
0.2966006308190717,0,73.45649510788053
0.33494786747194943,0,72.29303049829758
0.3205394385257647,0,76.2408312406732
0.23525974913906503,0,71.46740256320564
0.2570241263719885,0,67.74421167125072
0.2909086864016294,0,77.54725210754674
0.25513685813606984,0,74.83271826308724
0.2641756059481933,0,74.76789263975691
0.2644640316591506,0,78.48667082511022
0.26365924249937334,0,72.40558238224143
0.3294767258286515,0,67.26272957324976
0.30295587148796127,0,73.07360289591661
0.27893445218405655,0,77.27239257062682
0.2504590401272289,0,69.32218653302192
0.27356266063565465,0,72.8238608307279
0.3787221864889954,0,68.4713566199172
0.2698277837969455,0,75.01094334934388
0.3464312103814333,0,68.07052247858421
0.3620831322647337,0,68.90393252063184
0.25750341546414635,0,72.74333580220606
0.3004524569977551,0,69.58834483728542
0.3026681592897286,0,77.09208960250936
0.31449566850868327,0,76.35547072425695
0.3087787482268384,0,67.04448522009032
0.2699753954218618,0,71.67518130897136
0.3301334778696395,0,71.01067609244149
0.2868433111846007,0,75.66972393318053
0.32053177684322287,0,68.69977451682372
0.29046168279431656,0,75.46067514970176
0.30273935272525593,0,70.70651073974761
0.2484221357270547,0,76.542419095717
0.2580754138991476,0,75.3533409090004
0.2864760123380837,0,71.86549749682781
0.29755713083757146,0,69.00603884539602
0.27094621067550795,0,76.33714733658366
0.24926408249806106,0,78.02941703644647
0.2588647426165361,0,79.7622700645823
0.3038310144859552,0,74.16427260429599
0.257672941369642,0,76.44943593314402
0.2701942778328124,0,69.9708390676068
0.2441864021089648,0,77.66616166179138
0.2865007129717017,0,76.54510237524909
0.2551825035361209,0,80.56114330725693
0.3108018996431602,0,78.75064065233786
0.24653442723799246,0,73.20266281682422
0.30549139534076586,0,68.69885027616006
0.30696887036125786,0,69.42812030255875
0.3241283248863599,0,75.925849881963
0.2844272281014648,0,79.66625641639948
0.28069707502565594,0,77.91090484063092
0.29514805431492824,0,71.80062145036275
0.3085699459426982,0,68.86070346225844
0.30231404082072033,0,72.28243946634701
0.2819817948045327,0,72.18419262709061
0.25720225172433514,0,74.41793669116312
0.28850230636257573,0,77.0818975431381
0.3206224918088628,0,69.42575202241125
0.26873898623912057,0,71.90998259057851
0.35005081578437663,0,68.69146927197117
0.33760241795861434,0,65.64762122796544
0.2541825843272989,0,69.28907162410748
0.28908058605688575,0,68.99567096554146
0.2926418710408422,0,72.47840780389929
0.32857585436213854,0,70.77179383146171
0.27939865610261344,0,68.15530397599154
0.3137394703835905,0,74.50141165837053
0.250548184422811,0,73.104998096468
0.32140100070061023,0,73.75447093124524
0.2901679576310048,0,75.2053811578838
0.25535707962671117,0,72.27368539582048
0.30442701094189567,0,73.48690151715364
0.26220014704955114,0,76.83832962534878
0.27338988992062246,0,79.7790828589284
0.245613997757038,0,76.8468093829788
0.23130757057959297,0,72.81716485035703
0.2913218738402117,0,75.42683255329527
0.27052925682587714,0,71.41129939899983
0.2654562607414852,0,71.0528512157731
0.33922380561759313,0,67.2202636480655
0.2829509589591608,0,68.54381941906442
0.38660329615702793,0,67.00929934664899
0.3126644237542331,0,73.25316804739232
0.2992371580090752,0,74.00475944790709
0.4091983586083222,0,74.45563289721105
0.36653066270615475,0,68.02088348618267
0.39068280161342145,0,68.10214587096927
0.3561589827090616,0,72.04060957645281
0.3530178530778041,0,71.98665356272403
0.34231724698774924,0,68.18853154868157
0.36028362974383216,0,69.72764008264797
0.3269844838132259,0,69.43531466416344
0.35526066631964753,0,74.19645484851426
0.3348645696102734,0,74.98466054228072
0.3568928901550631,0,75.73236941337042
0.3898749313840886,0,75.58587104004275
0.3482985776166463,0,77.10987628279706
0.3256106443360188,0,73.52664164053375
0.39640589604097054,0,71.53441559829537
0.3802756970003828,0,71.72001265521841
0.37706226816107496,0,70.47683135020421
0.3616675777093704,0,67.36355439850891
0.39523082021844386,0,71.12376871765845
0.3945687388606695,0,70.8817275815874
0.39843828921454016,0,72.41806169148185
0.41392248504440865,0,72.7797929528053
0.4061214712208942,0,68.08705113489877
0.4354165298724429,0,67.8368988689644
0.4247252161070202,0,65.7532341835017
0.41555124584597036,0,63.61397411693784
0.4367526547204737,0,71.02451744149079
0.4487981122135664,0,68.08239277912587
0.41630039334807345,0,69.87549942974984
0.40795123075846235,0,68.2044753201445
0.45588134167568484,0,70.30197522765008
0.4588685306998807,0,64.87980898657413
0.4441364222045761,0,61.319226561046754
0.4411781650269186,0,63.66798021251153
0.4427258614822229,0,67.63371389448947
0.4200205043871762,0,70.53615124839362
0.4747697096594161,0,67.05076792821534
0.4118936884318801,0,64.86448451933462
0.4929447420010304,0,71.65354310937408
0.5080701186221696,1,66.16113338385135
0.3845531898998457,0,64.2385430827949
0.4186736671625899,0,63.42884046893541
0.4523295264978709,0,69.9279894860981
0.4140196993297674,0,71.01683399594121
0.38155219951980324,0,71.09034573575177
0.3776290258146657,0,71.77219726893226
0.4505429252937214,0,67.40580083532822
0.4954415534981484,0,67.89667513987868
0.40544625354605285,0,66.14928570383685
0.37639946120403683,0,63.459402255487866
0.48234122322375517,0,72.52112745228271
0.3793082647146443,0,74.3809718548776
0.38059969279306244,0,70.15809775137066
0.37836484323671,0,66.90390156374926
0.31460448962138765,0,70.43381606257861
0.36792418921961617,0,71.23151129953695
0.36140793849692615,0,71.09713173702798
0.3372349958858324,0,74.58727241618728
0.3417067696803042,0,73.82119710468656
0.3480752810706329,0,70.53611751458722
0.3639536054474927,0,72.49420669949295
0.31847197220425844,0,68.21948985462546
0.3586351270198078,0,73.34310996958446
0.388041063332545,0,69.35567656859897
0.3772719785695624,0,67.01452938309981
0.34766654910470335,0,71.50958883490136
0.39143760234183994,0,68.84048560974364
0.3732538331202398,0,67.22323505865275
0.3879266278793233,0,73.359361744641
0.4197892755401446,0,76.42951437311841
0.44177312439992283,0,73.2545831405346
0.3807913876596749,0,69.44538020043541
0.3591538344992674,0,67.69316971586039
0.3152973562030105,0,74.92414396264289
0.36049403391617674,0,73.13948786753285
0.29805130658351037,0,73.97634381210659
0.3413707070000202,0,69.32396830883988
0.31357440494518335,0,69.04944852563831
0.2703865005307633,0,73.32146041184461
0.2811492982338961,0,71.82396105514209
0.2779760347535124,0,66.58075710756403
0.3094948826811627,0,66.71106668757112
0.33536846325918984,0,73.7662453706558
0.2517715733194667,0,69.34926281816271
0.294915943896144,0,73.72231597978366
0.32177846382706465,0,75.3612426120449
0.33236216265317203,0,70.94891288836635
0.2784805902538885,0,70.58109709305072
0.35235043384183934,0,66.28495163760023
0.25316452793446276,0,71.73953295508629
0.3378703534562981,0,69.05929762297133
0.3742997891200029,0,66.08676797219874
0.3046522048321034,0,67.04645294920294
0.3003569076994974,0,73.80416454824231
0.31670323599095346,0,73.70032178008289
0.2338878916420939,0,73.72915037502787
0.32093367280748425,0,67.23791431337449
0.2186071497046258,0,66.77221525058023
0.2796188583351765,0,66.18270244333561
0.19954033770384175,0,64.83063007355659
0.18308993156082404,0,64.43782454753436
0.19675559509588017,0,67.03304548947978
0.16183781228373248,0,78.81952118625728
0.14553291736674104,0,79.88771064966747
0.10300416584615729,0,68.11906437431381
0.13883277782464767,0,77.30554899921574
0.12955166176088928,0,78.84416158612213
0.12118748858622727,0,77.72689572784769
0.10973656445490765,0,78.61978346055069
0.07603348341832224,0,76.67694470368953
0.05660399057048446,0,78.80732429963531
0.05886228381969797,0,81.85578572696782
0.05075307639219725,0,80.46619632243234
0.08218246197077424,0,80.20362284130715
0.04309701106108552,0,70.04020114565674
0.059736421107458665,0,76.43172852283742
0.03648442546536776,0,78.00715140942471
0.023690728950258717,0,79.31455363889644
0.0395454902931247,0,69.35821368699699
0.03427701326997481,0,77.07709361984233
0.017158959799767438,0,78.75806265803297
0.018249289337412315,0,68.8837138879159
0.03150977898577154,0,67.09130910379082
0.04298204614396846,0,76.60383759159782
0.006039156316747627,0,79.71582403828204
0.04478908032731148,0,79.51615955299329
0.018674930510288328,0,78.19902158269923
0.020929768057710792,0,77.93552582710701
0.02653725740976956,0,78.72549843398853
0.006643435185929549,0,78.31617605772637
0.007673589870739679,0,73.91754940895552
0.0226877346918877,0,76.8196115139407
0.02808078057131471,0,77.8838456137987
0.010848437405368814,0,78.65116169105193
0.0035061751724268764,0,78.58258089698559
0.004975133106215788,0,76.62975322374557
0.005681742019825108,0,70.7579193943927
0.03695122954142,0,70.5497129485799
0.0467943750211812,0,79.05764276637157
0.010912912348605221,0,78.90917198950895
0.015810862035902148,0,81.93623794619374
0.004883826306071129,0,78.78582838984333
0.02550541335715668,0,82.79124203619908
0.026251369536781515,0,80.7791174232105
0.010308613918652261,0,78.45627451095744
0.0005543434919926844,0,78.31349553691295
0.02145668244624076,0,82.63249394687942
0.00534440820433952,0,74.4880075309677
0.022804413203381103,0,79.33107219835723
0.0026131757162063886,0,80.7939238186598
0.013316482723878566,0,81.02651112668356
0.013523204338968937,0,78.2076021842306
0.03226086289516053,0,77.12179039885234
0.05378702827772679,0,78.43227546697142
0.06202612718401574,0,74.86609933035737
0.07293792406451143,0,68.49953372827393
0.10083652138983344,0,77.29432361494992
0.10279894383903906,0,78.84352701425932
0.0799416565952228,0,78.05388179850745
0.07167280797948225,0,73.76945978971293
0.054865744062084845,0,78.11163096747468
0.04458165234182194,0,71.50793180774305
0.00034883460792845753,0,77.00746686205652
0.0007745403487136185,0,75.85472776845214
0.00035823343392014034,0,79.95294629228886
0.020800702249187973,0,77.87683884343772
0.006120956381139635,0,76.82038825864664
0.0006327538759419265,0,78.93976805958386
0.0004294754728097724,0,80.03612099116785
0.011911795457396299,0,77.59751901102591
0.0003835534913898784,0,75.82604997928652
0.010500593260962914,0,77.246031229346
0.010279174135097142,0,77.20640365369222
0.0005139983612623011,0,76.25952012975921
0.010383553491389879,0,73.25089114757331
0.022356646328136408,0,74.57639248079053
0.010359846355738273,0,75.13504645013816
0.011548199255578723,0,75.53552586156528
0.01045299791359951,0,76.69508236320382
0.01093812274033436,0,70.62398230602295
0.001278958986450783,0,75.81006617738522
0.03072870285318994,0,70.24928582550895
0.0006216066353881698,0,75.42775711767257
0.010188845729683418,0,75.89234656731486
0.0010289558484217413,0,77.27979192436392
0.010565017613376084,0,75.48546518118366
0.000862915860088694,0,71.01942724800689
0.0006021719458997811,0,75.67731358989897
0.0019242975207712015,0,76.39310001880129
0.0011639319703119573,0,76.33520105890337
0.03512346207956825,0,71.47002655414454
0.0010675721318842229,0,76.65941730464141
0.0003874618907971799,0,77.2830698776502
0.01248899330975677,0,71.97418345199135
0.012113639986806923,0,70.67069955630444
0.002251523187513199,0,70.51955141692927
0.011004532452995923,0,77.24563293728713
0.005355926977134774,0,76.03031277742552
0.01637216022684114,0,76.32301056853552
0.0003623918555400513,0,71.77191175536437
0.022509174621199,0,75.72642894360148
0.011307840167953047,0,75.95216315242872
0.0008463112658609665,0,76.95116329354869
0.0003544127500086474,0,76.375131163867
0.012752949456277671,0,71.17901104768207
0.03539211121571635,0,75.41951031116429
0.01568982700185723,0,72.45220299253403
0.04193740720082286,0,75.28945947911562
0.00021542369662372823,0,70.80503037679682
0.04227220727220936,0,76.1035827549782
0.020348618557306773,0,71.39231549346218
0.0411350858751974,0,78.22384638954378
0.02072275242185965,0,69.18993012666535
0.04268553135648543,0,77.3810381280753
0.02876838749499571,0,70.8841261454474
0.041594442648866095,0,72.50996375599684
0.03106358107592127,0,69.82762083612101
0.0132808880277537,0,72.56060152172681
0.01552003353710024,0,69.01713138132665
0.043631399339238416,0,68.29943847135866
0.05399385818366819,0,68.0858818263557
0.051344328219499545,0,73.22069990243519
0.043412877203016065,0,68.59662841439862
0.030697924055915003,0,76.08248924208667
0.052531777445709735,0,68.66452340000353
0.08084881850708005,0,75.40586528040235
0.04571192936796655,0,67.97372540608256
0.051990292993142374,0,76.26523190831195
0.022413467641368475,0,67.79052711931459
0.06084706724771112,0,67.44096701373911
0.06049188643421611,0,65.43509281240165
0.04640951301734577,0,72.069360983606
0.05390517494798833,0,66.51435182129748
0.03669966505020867,0,73.83679413761303
0.05278045151520271,0,67.28481033336709
0.0517804238637469,0,69.58340424135689
0.021579032676446726,0,69.23190805809125
0.0836659263426794,0,66.32540049259866
0.0790039308671803,0,66.93137634421537
0.0965415867394569,0,73.61420793759477
0.04411626464318728,0,71.96416021901415
0.05327632360281811,0,68.1051616028578
0.043849436338974666,0,66.4665196175015
0.06812268271710248,0,76.0914083173004
0.012453225848460729,0,76.28017128443338
0.04420838580236637,0,69.33574275650325
0.033130780427058235,0,66.20804854124714
0.03181919401129023,0,75.51284600418195
0.01757930833653182,0,80.13269787523588
0.015948781886418004,0,79.26779004437888
0.012713144811388119,0,79.32013816894674
0.01452541939326342,0,78.84513960424947
0.013595739200902282,0,78.15253677311688
0.020966929244125573,0,75.83562445746725
0.0004356819868809911,0,75.06797324549524
0.007137068817011985,0,74.05207868707205
0.021901035535743903,0,74.75208923588666
0.005642070551595882,0,75.43878152661064
0.01049809569642636,0,72.6487043495782
0.05415362251644427,0,75.25200408964886
0.015895081075378438,0,74.63526510339094
0.0002286039367756724,0,75.31306244517482
0.02061293522623588,0,71.06388316532976
0.03191433812586349,0,73.8572303498261
0.02080890649527305,0,72.50923626873222
0.030425758901392107,0,68.62204842124189
0.041606125674898894,0,72.4602662362492
0.04065103491524982,0,75.51449185473022
0.03097707739016683,0,73.98567752100841
0.04102924046182154,0,73.61863097058229
0.021001607050979025,0,74.55798828146867
0.04203770773790196,0,74.74447774339681
0.04075086322720379,0,73.83370417900187
0.021186582671279507,0,73.78617555915835
0.03578811997105779,0,74.7665814539557
0.04234227436515724,0,72.67696304942378
0.05360396642440126,0,70.69442329766399
0.021442952205890285,0,70.06119015154366
0.05229700264483779,0,73.63069425580525
0.02224019672419832,0,75.39405150572775
0.020279762441391833,0,73.72037939674097
0.030964223003988812,0,74.88682517077375
0.012113092941295867,0,75.02868244763283
0.010952719357492624,0,76.04236660758315
0.021040306458449655,0,75.90985475294869
0.01250505111116217,0,67.35940373415795
0.0013279763886228347,0,72.03403254356239
0.024546651502802944,0,74.93077852221143
0.025849542538220412,0,74.53565054358414
0.012318894574559718,0,73.6935787873406
0.01598196874785247,0,74.702680731176
0.01174764815753135,0,76.48168189289423
0.010920444365108344,0,72.72396304259371
0.012226798797469098,0,67.81229715145713
0.02420831059100266,0,73.76373799461015
0.020662904733701328,0,74.24625418235729
0.021562781761966084,0,75.6762726332713
0.02046860325366241,0,74.6427956362912
0.01099111764389857,0,74.72575195527519
0.032444633216584626,0,70.36619183229845
0.02267537166302815,0,75.42503753471287
0.010484984598485448,0,69.20376962917175
0.0419845846126454,0,74.77288072901791
0.02421275147808049,0,74.380729360226
0.04667586449617645,0,75.72234136455369
0.052543939470035744,0,74.44284342730847
0.05367325749433553,0,74.6475803234703
0.01228155484970758,0,69.76724140470218
0.02110665387850735,0,74.70955401305581
0.051293119230413575,0,67.26979762232604
0.04463588334236265,0,72.84428330127284
0.0409960556084493,0,74.80495043855029
0.042018328461616496,0,74.10595144951674
0.031974714859796756,0,72.14949791005292
0.0312033848253267,0,70.12207685753607
0.05217196685337229,0,70.05268367358269
0.04999502866865528,0,70.20065146971078
0.04790951758946863,0,67.04227155753739
0.04307420135447224,0,73.21200063241103
0.02223880047198974,0,73.65842695295301
0.0455975936400124,0,70.92413828298966
0.032911354446043324,0,72.77625381963603
0.05257535234225217,0,73.59385482668989
0.04257161443007818,0,73.70519088060423
0.041122076876874504,0,74.19899788576478
0.03772652835609389,0,73.89982755309265
0.020766922746746894,0,76.64950948182928
0.032186273055479823,0,77.33117167670976
0.03720787046389165,0,77.51035590270841
0.02302159317306204,0,76.23725941896993
0.024083545173634285,0,78.61857313082992
0.02262627871101813,0,74.72916619766725
0.035578285912640645,0,72.96375985564754
0.0321322070009184,0,74.31848256212666
0.04178648816860719,0,74.55942691310652
0.041225907552266114,0,69.08572023645846
0.04258083908992282,0,70.0791425801658
0.03137929859629101,0,71.19455560684247
0.0715147450331337,0,69.38029364005884
0.042024502201734544,0,68.70206750476183
0.08429751230626412,0,75.76801579818284
0.06947915086586053,0,76.45957522750444
0.11840202701540102,0,67.33036029609259
0.06058712225078281,0,65.05961132312522
0.03158208608541566,0,75.62480857039014
0.02957902764222276,0,75.15575422622044
0.05616005982061135,0,74.64036320145622
0.021279416386656688,0,72.02114866673402
0.03594450847783582,0,75.06077528643854
0.011383469630919017,0,74.67781557331996
0.027037779854868074,0,75.82847333413389
0.03867581672699019,0,76.52534826747143
0.021299914672991225,0,75.13967745083751
0.06407842213036367,0,69.9783436180464
0.03267988671807818,0,74.94219166804908
0.021985643668215746,0,76.66271232306532
0.025796955291397358,0,72.38224794503355
0.023805864137564855,0,69.55315056517819
0.0112000335062993,0,70.10626899787772
0.050671409772834755,0,67.7637723778825
0.03475247757521452,0,73.93073961896732
0.031378863116950664,0,74.61087566788957
0.050283840258291045,0,78.7595474484271
0.02070007082007272,0,78.29740216511304
0.04192288419171574,0,76.91617447224408
0.02231333517728973,0,67.62002322805064
0.03334727891341165,0,67.68309176435194
0.016193537562679418,0,69.13446390424436
0.018370344156750585,0,74.94465169651298
0.047342636007326334,0,74.5476781118258
0.027201791175460226,0,78.37680637445915
0.014267332165188067,0,76.22763222729601
0.012171737654083813,0,75.49328701938305
0.013033935777528158,0,75.15306400119549
0.0357684553807378,0,68.43529426232132
0.017682735844727505,0,66.83592668875067
0.031004671266645363,0,75.64587701896878
0.041396057111958845,0,76.75103322503269
0.041093747883970265,0,70.24552245129308
0.04302467849838574,0,67.30813794114556
0.0777745240846254,0,68.78832955807349
0.07507763436615641,0,73.8383109351039
0.03189342287121366,0,76.11047412219688
0.05728926713681722,0,76.96947588029747
0.06690851516989539,0,76.96475002901532
0.0448948002936107,0,77.70728894155285
0.031888970691166064,0,78.22924035733449
0.038876013953933156,0,69.58712062006231
0.062310202392904454,0,67.54472525413986
0.046069953801630883,0,73.56748962564834
0.05435981239165416,0,75.49084134919347
0.05276092606639545,0,77.62440465873216
0.017755806482685786,0,78.81902905506274
0.030549043429649064,0,77.9879558371922
0.038133777550320894,0,73.22310751009043
0.038669254310803314,0,75.2642428293495
0.014712345093420327,0,78.49983696137802
0.5049212284294152,1,36.49470214285716
0.3153598457116698,0,79.74481720849403
0.17701296349944914,0,91.71260136455413
0.11236201142245457,0,83.20335015166971
0.12299380477537702,0,89.15031277892442
0.14077294738413615,0,82.8060837927742
0.12438239122774687,0,79.96580622447213
0.15816550065256663,0,77.61624691604985
0.15016523880299748,0,79.67530408009951
0.031175614849094587,0,81.80096288640635
0.06286080754229076,0,71.76227855348306
0.3928103861223386,0,60.333989937828974
0.5136416725160017,1,58.65234229939648
0.5543318251218425,1,60.693943358070364
0.28630190200692296,0,78.07662957972383
0.52,1,58.26541257228806
0.45379178071555826,0,64.4057508174654
0.6317007401252418,1,57.46522491363049
0.49965842175549197,0,63.94268339688471
0.6176763821691921,1,56.67759788392981
0.5957436695383549,1,57.00154437301912
0.585815492433626,1,60.99710219357637
0.6929444883456739,1,58.00513111388176
0.49979535545024306,0,60.26166787318155
0.659378322545104,1,57.608103021173456
0.6613941644790896,1,55.14847939398526
0.6459838237276863,1,58.192044425959566
0.4482090135298959,0,61.778439951308684
0.45250484199759433,0,65.81810500206043
0.5769554973381963,1,60.45858442654257
0.4283655550862023,0,76.67813007244379
0.42001945053826817,0,66.13017444414187
0.4159375085667792,0,65.13487102187341
0.6604076499293735,1,59.47424560403896
0.5768774113288611,1,58.35184715912026
0.5849878429090531,1,59.53506899787131
0.43194770549499617,0,60.7556883189174
0.6528435040368816,1,57.01167357036579
0.5304000135348046,1,64.00474405267082
0.3990400344692698,0,66.14047474825625
0.6017267172435941,1,57.91934303600844
0.6086281854036706,1,56.320422769697515
0.6794894197657666,1,57.67802231358994
0.4578289359459985,0,63.380027979644254
0.6327728094177109,1,52.05994421152738
0.6408264950782361,1,57.424760134097504
0.6078576107176135,1,56.2190302538132
0.6267319928897903,1,49.431002839380945
0.6496480993877575,1,52.89528866053226
0.7422661025309076,1,53.73723892512567
0.5329631751293809,1,61.19802734123736
0.7605875608873734,1,56.30989346854261
0.7355243081602008,1,54.1451410106263
0.7303339090113024,1,55.20218707219339
0.5893254023525986,1,59.2928885415909
0.5973467002452327,1,54.990313584889215
0.602371203785383,1,59.429176248053366
0.6019974379853592,1,52.16856763996205
0.561277695028742,1,54.13831719209386
0.49363974061923666,0,58.21064837928458
0.4560522180306733,0,60.47364165969
0.6081532351052442,1,57.08983690199888
0.72390475879172,1,51.18940384214845
0.6836103587178676,1,53.53020419772845
0.7514659805610264,1,52.220850248068125
0.6636792793768191,1,49.44094401369214
0.5436410225227684,1,58.35971403303941
0.7369793502492038,1,54.83721404251797
0.5916057036609972,1,58.86245286693209
0.4389568050760398,0,63.194357473111985
0.5242918821243393,1,65.39169411541984
0.4598594926889521,0,63.148568857957564
0.5606803015036479,1,52.219432572897404
0.5487167682588959,1,54.13593389286123
0.5982894738127235,1,58.20090284913071
0.460722980687262,0,60.4100146566892
0.4165046743740744,0,63.45482138799453
0.4601636381240416,0,62.32420238504961
0.5181728953388507,1,51.38925908086394
0.5323582414521788,1,52.9798119373111
0.6542379317961807,1,49.75088855465265
0.6912599815259374,1,52.841912576126816
0.6713650983549964,1,56.68994093121984
0.6342841001987373,1,61.724751676815
0.660266769927372,1,73.02305626356785
0.5180693523013962,1,74.51608323352806
0.4327807801551291,0,76.13519365613362
0.4344915667367781,0,75.2388789735477
0.4173077589106775,0,76.421823526635
0.2783977156374023,0,65.15127667904535
0.2095383762248018,0,63.81419921821586
0.20353528346669872,0,65.2882838058763
0.23205375985885074,0,66.6280859550363
0.2700936491731194,0,67.37259139788154
0.21940155958433086,0,67.42269140370922
0.24115964641942747,0,66.62647414069484
0.29903446968565606,0,66.29779473943523
0.2803154252597571,0,64.35883755455059
0.3133795449823076,0,63.64778239935916
0.41366121253052385,0,63.017545593521426
0.37086068020708507,0,62.94065004201512
0.382256757000402,0,62.57040531226173
0.4303486467340847,0,62.95614200435728
0.3899397050637932,0,62.90618914700447
0.35205820733555726,0,62.72494517416186
0.38347521318354694,0,62.96941407912368
0.37093584738581853,0,62.8105393010441
0.3282999672803528,0,62.69710694359769
0.3712158930397639,0,63.04330245684936
0.33392935530421425,0,63.12244960717547
0.37382532015980047,0,63.25951574710624
0.350915614406769,0,63.19089416877975
0.4091279515804734,0,63.06653646434478
0.40603659732721326,0,62.66905254859238
0.4068060552258412,0,63.08946353394297
0.36577936713757153,0,63.19622414798011
0.35604985895587715,0,62.350115677658465
0.3584319752634044,0,62.771581383934446
0.38223544916131325,0,63.36472904618382
0.3754412075989423,0,60.26527778154322
0.3919966631159899,0,61.39451475594848
0.3676507404409625,0,60.66248361464922
0.4710344824947845,0,61.29557636894456
0.39922483229837225,0,60.88749860492022
0.5057417579999833,1,60.382282209349306
0.49146535707219663,0,59.89128017347416
0.615094361132235,1,59.81402182355194
0.5430210351306415,1,59.919472176841175
0.5472593110722699,1,59.91652943174313
0.5602483637338512,1,59.96490419470209
0.47830817892623784,0,60.41709961402434
0.5836382669955825,1,59.847222456325824
0.5286947756216326,1,59.8392935002623
0.6020991489355836,1,59.85788468028961
0.5835283792170874,1,59.02170569836121
0.5880127670745717,1,59.430424252911614
0.5852630557747035,1,59.302148173136956
0.6451685280992854,1,58.949377708811674
0.6869539389205523,1,59.07178963213112
0.6435299129778954,1,59.21720970703992
0.5852891303228581,1,59.32183285040096
0.5951109312302433,1,58.28447106851065
0.7043425295144529,1,57.9164958663402
0.7820739101162169,1,57.97965942514071
0.7578164207971948,1,58.76535572073735
0.7269786178759462,1,58.600317449258036
0.6713218349536401,1,58.185599922276936
0.7429540783185495,1,57.797988146608894
0.7936852709842662,1,57.770639017337686
0.7642304032080065,1,57.82246392078234
0.7519547399338898,1,57.67126863709845
0.8279849745900634,1,57.41332292284551
0.8030235441051561,1,57.19860896060628
0.8213950853678592,1,57.16027830843528
0.8560261574565798,1,57.375770973701044
0.8521537889220155,1,57.29853532785081
0.883739408961654,1,57.07226109571129
0.8832887312985066,1,56.986731495467104
0.9246751504713606,1,57.077864872887524
0.9054094779327363,1,57.21954952887109
0.8856933544108512,1,57.31192039758047
0.951523967554948,1,57.08687694764538
0.9143215915676031,1,57.180222845463284
0.9415913891837383,1,56.9925084797702
0.9258843962785283,1,57.03215650702568
0.9323045784172159,1,56.97325420833606
0.9617854265112012,1,56.75060706116331
0.9445729840870873,1,56.8851090394742
0.9621910824864749,1,57.44933671702698
0.9723023160896791,1,56.93841663537264
0.9330889340341133,1,57.06785798113505
0.9345419471225788,1,57.33728889243363
0.9536079120880504,1,56.90973949253566
0.9090575575161062,1,57.000647632731024
0.954450844831602,1,57.006292646659446
0.9376553028089596,1,56.81486012066879
0.9546982727531882,1,56.86786432622642
0.9537436611868114,1,56.876580706533
0.9720693931147959,1,56.860562442991785
0.9721370081220857,1,56.966694786433685
0.9704713013575653,1,56.97708025291511
0.9906985456115982,1,56.92347956155315
0.9644734276811765,1,57.33748143252609
0.8973537287720519,1,58.234931116348974
0.8179902292291963,1,57.250500953557946
0.8485708377862221,1,57.52946777397107
0.8894048743566806,1,57.24513555134285
0.9258391892464669,1,57.45823565973099
0.7967787485280812,1,57.49760949635456
0.7926435124546052,1,58.236330510189816
0.7177900012299726,1,58.41627092598689
0.664569025825255,1,58.67109761011063
0.7008454237043114,1,58.3929651632102
0.7511609506253464,1,58.03392316147347
0.733062944883071,1,57.93393132490759
0.7321398146392428,1,58.25083361182925
0.7027271889621025,1,58.70400602749344
0.6674402298676597,1,57.60269849432928
0.8022818818004303,1,57.31539884564088
0.903086082043434,1,57.07803807732875
0.8558245279024952,1,56.98253162050382
0.8542974155649559,1,56.96760495771493
0.893886442496606,1,56.899620346462335
0.8643082307139909,1,56.9035607537548
0.9016417733039073,1,56.98984793586551
0.9213735236096341,1,56.903768070641156
0.9212427617973803,1,56.909394799721866
0.9130570982340432,1,56.69385263218179
0.9581620013084854,1,56.676088638997065
0.9118134513269758,1,56.61692135575597
0.9123442230892403,1,56.57148073105622
0.9122347230810781,1,56.63526857855425
0.9147806497220646,1,56.62319476291674
0.9701213922372939,1,56.38899982032669
0.9514686475107869,1,56.388617491230434
0.9331629718440587,1,56.38247666665539
0.9243968144557523,1,56.37511186682654
0.962442716490732,1,56.23381770750929
0.9627647944151481,1,56.13480563215353
0.9629111086828961,1,56.08479934698704
0.9627647944151481,1,56.126963220981644
0.962527582384643,1,56.06928103131959
0.9627647944151481,1,56.03942749962124
0.9632011671994407,1,56.062860853062126
0.9643612484914413,1,55.92517150866425
0.962788443152293,1,55.74800752518819
0.9629111086828961,1,55.578429945136556
0.962679996885913,1,55.495609973767
0.9627209830973307,1,54.88710712531749
0.9530070178235682,1,55.46542301833614
0.9525015389423491,1,55.45175511269093
0.9624937808058261,1,55.26090862547872
0.9531194153656134,1,55.25713204652468
0.962883621215979,1,55.603915034929976
0.9630509257789648,1,54.90552270248951
0.9620736032787309,1,54.63998261526674
0.9519610293482639,1,54.5383138491907
0.9631230096967026,1,55.193457457107115
0.9530820234852849,1,54.85724791312864
0.9535183962695775,1,54.283691539622104
0.952418441987135,1,54.34320403794616
0.9431545533545745,1,54.06885529840874
0.943321930730538,1,53.898620311243675
0.9334458175243995,1,53.73484552582302
0.9225694079988067,1,54.19809201859541
0.9234593571333046,1,54.24431846058612
0.9222818365020454,1,54.34021880324874
0.9126410334068156,1,53.7211361610502
0.9114430394799234,1,53.86058110236091
0.9012629175379915,1,53.53581928131389
0.9016278974914599,1,53.80939753121136
0.9203929733172651,1,53.62409114335547
0.916562616425366,1,53.5636150473798
0.9160654362396204,1,53.754749116339525
0.8962209594491983,1,53.60982391603201
0.8908543333669179,1,53.969675692198145
0.8718826794586296,1,53.73010061133829
0.8708224120500253,1,53.764672497691755
0.8892214110932646,1,53.979511983091896
0.8956073127503466,1,54.2464867993093
0.8904705571325328,1,54.54558260325578
0.8905136990147453,1,52.765707998531
0.8726359689955688,1,54.79998989342556
0.8508775474607779,1,55.28207634443044
0.8609901092187413,1,55.31855987882829
0.8774820179992326,1,55.46286539510084
0.839918477109067,1,55.4685402805986
0.8496469635046204,1,55.013992960730164
0.8299021196954396,1,55.099928560081274
0.8201528866039928,1,54.72114486118525
0.8171266673207614,1,54.795191235664596
0.8162398414003431,1,54.857585158162784
0.8262830892145135,1,55.211503509985185
0.8498214090183001,1,55.74754936173494
0.8285410988201414,1,55.797872566850685
0.8478452360514923,1,55.883665551133284
0.8192682480306597,1,56.00239870318096
0.8189140801379271,1,55.969847079908085
0.8194133776861723,1,55.9492672704626
0.8701335809062988,1,56.08986826557136
0.8316032662000232,1,55.991532504434836
0.8419754568587754,1,55.9625025769472
0.8104327682413051,1,55.94221958603437
0.8320458014757135,1,55.79395673812441
0.8405580934159697,1,56.06679525301923
0.8601335809062989,1,56.17206237651187
0.8603585582931561,1,56.17663436645964
0.8702148866563687,1,56.10315249022435
0.8606393991660396,1,56.067304607707854
0.8505580934159696,1,56.331154499290136
0.8602148866563688,1,56.17839454006999
0.8702148866563687,1,56.35387793620933
0.8689657406171005,1,56.426194726273145
0.8689657406171005,1,56.4385369251149
0.8701335809062988,1,56.45668200387854
0.8601335809062988,1,56.29431549126329
0.8701335809062988,1,56.40155545781681
0.8416960740046171,1,56.419983194499764
0.8492763455266789,1,56.19787178084445
0.8408714404750198,1,56.241401124094075
0.8244334496318766,1,56.38761832551963
0.8044334496318766,1,56.46413867998808
0.840446927965349,1,56.434482838545
0.8243629268299206,1,56.50937841050634
0.8243629268299206,1,56.59169130564254
0.8204469279653489,1,56.44219816195885
0.8231923443912504,1,56.30090492137999
0.8145147553819464,1,56.53213271663393
0.8145147553819464,1,56.415915581294776
0.830528233715419,1,56.36398961718367
0.8145147553819464,1,56.29069067062894
0.814573039258772,1,56.406864079978305
0.814573039258772,1,56.41189248773252
0.8245147553819465,1,56.54950240293894
0.8145147553819464,1,56.538750704084606
0.8245730392587721,1,56.5399742591366
0.8345819336784751,1,56.55935936943072
0.8345819336784751,1,56.52922256028226
0.840528233715419,1,56.52922256028226
0.8405865175922445,1,56.33349110610535
0.8310904473235742,1,56.3576470071523
0.8406659348139034,1,56.370285360947065
0.8406659348139034,1,56.55360673231225
0.8405865175922445,1,56.42544372509712
0.8406659348139034,1,56.41469202624278
0.8409206953480315,1,56.374539853170205
0.8419150808531716,1,56.52575005410257
0.8406659348139034,1,56.36934128001699
0.8445819336784751,1,56.50093785710754
0.8406659348139034,1,56.426194726273145
0.8419150808531716,1,56.68999764501686
0.8419150808531716,1,56.54860767057639
0.8406659348139034,1,56.39918761850353
0.8419150808531716,1,56.19199222776342
0.8323395933628422,1,56.219849556960874
0.8310904473235742,1,56.278605373172006
0.8497929168043059,1,56.16478440329819
0.8323395933628422,1,56.14103045977815
0.8323395933628422,1,56.22399178314534
0.8310904473235742,1,56.1366231243087
0.8419150808531716,1,56.13051916009508
0.8389682832747085,1,56.10858694269155
0.8323395933628422,1,56.110660315885156
0.8250064461881458,1,56.07010913056743
0.8328842821392803,1,56.059905127060716
0.8484433140936791,1,56.0453595720854
0.8484433140936791,1,56.09397627749658
0.8522302891828905,1,56.01136952527775
0.8310904473235742,1,55.99163797351782
0.8583142903183189,1,56.05320127718178
0.8484433140936791,1,55.98088158916383
0.8483151810214943,1,55.95756682308196
0.8222114602906574,1,56.11227212665904
0.8517869477809866,1,56.16745990391018
0.8692679476232764,1,56.05361844620174
0.8495643270607625,1,56.16279777520205
0.8677616447364633,1,56.34392506652605
0.8677616447364633,1,56.12851704811931
0.8583142903183189,1,56.077460910988854
0.859563436357587,1,56.05516951655561
0.8494589520225471,1,55.96046267026364
0.8790107907757314,1,55.97226609258998
0.8594353032854022,1,55.87897595191316
0.8322351090278023,1,56.003327682466015
0.8590107907757313,1,55.79543226178234
0.8691398145510917,1,56.164915955472416
0.8790107907757314,1,56.19296572161663
0.8595041898836151,1,56.132616342445665
0.8593841669839726,1,56.15690978546129
0.8790641388093419,1,56.232190729069345
0.868936005737157,1,56.22537811262337
0.8617121627424124,1,56.21054413678047
0.852136675252083,1,56.00263149760075
0.8421603239892279,1,56.019054308173445
0.8421603239892279,1,55.188529277791595
0.8605978308909097,1,55.37443973086471
0.8505978308909096,1,54.9980489136744
0.8508696355998818,1,54.89543653345161
0.8741398605371115,1,54.788818233288985
0.8567869937670065,1,54.901586190736865
0.8567632390979036,1,55.179872170004174
0.8467632390979037,1,55.36382447522632
0.8660869774562312,1,55.05919701007916
0.885829147620388,1,55.171473312151086
0.8857757995867774,1,54.718053057412696
0.8857967165689948,1,54.64365113200686
0.8750499837319394,1,54.659022658737165
0.9057067807038475,1,54.58810963794767
0.9174919223945076,1,55.31144583502552
0.9373995779425509,1,55.2716119112557
0.9373995779425509,1,55.551375730800466
0.9470021987719904,1,55.934778458522445
0.9477489316090458,1,55.97924298409908
0.9379887862705115,1,56.061013474252185
0.94962038713846,1,56.11497781892214
0.9600705680462193,1,56.22519633158874
0.96064159759025,1,56.314114974267014
0.950373980767266,1,56.33353380169774
0.9590866847027842,1,56.31861814792508
0.9479161022641143,1,56.25012529514076
0.9495608587296982,1,56.34107608063135
0.9426312312227814,1,56.27120021559082
0.9526031095605912,1,56.3431362977
0.9626094397058104,1,56.35674120938268
0.9726094397058104,1,56.403013632534176
0.9704662840335154,1,56.42073925025891
0.9612420455036345,1,56.40064561972469
0.9609744286806504,1,56.428518780455576
0.971099951810659,1,56.41572430880872
0.9813675733145503,1,56.476612034146555
0.9810241554914246,1,56.435208886796055
0.9810241554914246,1,56.435208886796055
0.9810241554914246,1,56.44406328423208
0.9813321346274178,1,56.42286450255048
0.9813321346274178,1,56.40450361543868
0.9827994880323834,1,56.391502965456645
0.9828186805369455,1,56.32147169538653
0.984341212953386,1,56.385051691547204
0.9826022158263374,1,56.39464664894691
0.994341212953386,1,56.37805309692571
0.9927156572314693,1,56.621529058523144
0.9926276310537241,1,56.64798321352726
0.9927739453214721,1,56.64659756905511
0.9926276310537241,1,56.723535283331245
0.9920117229372434,1,56.697459456695675
0.9930287058556001,1,56.768222295586995
0.9933699975051424,1,56.72879834523874
0.9940654862711911,1,56.6005195220806
0.9937036080388785,1,56.73614866569427
0.9941739325375711,1,56.643749144289465
0.994007198181188,1,56.56038479265466
0.9957383080021839,1,56.46035874784902
0.9943129650293856,1,56.249294872390585
0.9960635504236115,1,56.11813166393056
0.9958324386266283,1,56.062138080251145
0.9958324386266283,1,55.44756255246526
0.9958324386266283,1,55.64854629036495
0.9958087898894834,1,55.92939270411115
0.9955307852028039,1,56.07522820461083
0.9960018816192666,1,56.10971070049212
0.9957646695887615,1,56.20073509936091
0.9954780639093538,1,56.317726767588475
0.9954702514987132,1,56.3925941678347
0.9954702514987132,1,56.416025202128864
0.9957378683216972,1,56.335785537812825
0.9957378683216972,1,56.366355660803194
0.9954702514987132,1,56.55214778089268
0.9954702514987132,1,56.498551413356616
0.9957378683216972,1,56.447661247475054
0.9957378683216972,1,56.402099123534256
0.9957378683216972,1,56.3841859493979
0.9954702514987132,1,56.417400333807855
0.9950691766968371,1,56.423109319718044
0.9952154909645852,1,56.42535192030427
0.9947246003431099,1,56.611764218169
0.9946365741653649,1,56.65272099515326
0.994490259897617,1,56.67196818415976
0.994490259897617,1,56.655969734159754
0.9946365741653649,1,56.655969734159754
0.9952154909645852,1,56.6789219798168
0.9941123125997804,1,56.76623262819422
0.9934083783055546,1,56.814714588894894
0.9940242864220353,1,57.04684228015478
0.9934083783055546,1,57.03188012566042
0.9942790469561633,1,57.31776709621903
0.5139340346274368,1,61.84079407920221
0.29073585949197,0,62.686716934778644
0.3470016381552204,0,62.59601453362424
0.448624162883127,0,62.76023190146425
0.4059581710421544,0,62.793522030256
0.3726250069437398,0,62.96207741753326
0.35918780156544317,0,63.061826665619904
0.389488579579385,0,63.01494795011968
0.30934957681931613,0,63.00955178364525
0.3095130920017653,0,63.157459059876686
0.2918317989096605,0,63.15019892179528
0.24967163172093848,0,63.138577217675426
0.22873962152103103,0,63.16887141818776
0.1892631731701443,0,63.06368570943612
0.18988777955288547,0,62.890452238728486
0.2034017404761553,0,63.010812421453984
0.2011529774764114,0,62.97447305871944
0.2047785817840265,0,62.99600165797593
0.23135357334115964,0,63.25180900609199
0.232647305267424,0,63.279114699716104
0.27701622143043525,0,63.24591263397893
0.2340100330807804,0,63.246224408938936
0.2721103205845559,0,63.28883385934831
0.26484242296016647,0,63.35980955815969
0.26359745664965595,0,63.2231953809729
0.26400844534169665,0,62.099646573613285
0.25338542669803926,0,62.91853426411466
0.2573300501114925,0,63.376507155887836
0.21644767249528027,0,63.32464454472445
0.2540875104778966,0,63.146455326255854
0.2738540436511167,0,63.155589598595625
0.24598532016771923,0,63.37633558131256
0.22474613296932053,0,63.30590854523867
0.24416443477136024,0,63.46057527708008
0.23513030820156647,0,63.32795812916515
0.2798270828606359,0,62.36026945144074
0.224086957374244,0,62.99056348489966
0.2616079716119312,0,62.36369658749133
0.25129127384269156,0,62.85726539112127
0.25166740202221694,0,62.25681217937135
0.2408318346915394,0,62.70518843946912
0.26665917663382044,0,63.26705306224192
0.27207040598669,0,63.29853292343423
0.25156319159893104,0,63.09142793958994
0.25606279756483546,0,63.1261580691023
0.26598532016771925,0,63.407137017099
0.26408292915189785,0,63.41396975708916
0.2240875104778966,0,63.34210628594663
0.25513030820156646,0,63.385175183225364
0.2449743187719028,0,63.38382690081703
0.214086957374244,0,63.4248904946842
0.22248131424510553,0,63.42386685287351
0.1916848959053948,0,63.2814876039952
0.21123689229095854,0,63.19388661386106
0.22120504969465582,0,63.47856895064687
0.43831189307507495,0,60.69070211950202
0.2852868796264797,0,61.06606382510759
0.26055029605069746,0,62.8457853535921
0.23277331422535133,0,63.21897628461658
0.223363406250382,0,63.419286469144346
0.27951826224517257,0,63.352466366268985
0.28111735986018316,0,63.20170077080106
0.2358712510501824,0,63.35136199833439
0.2619828010842331,0,63.351720608229414
0.25334035443360453,0,63.44186898886632
0.2243931998205491,0,63.44325127528005
0.22513030820156643,0,63.387912250960696
0.21185670786236444,0,63.39205449856116
0.2300573338482911,0,63.452587456805404
0.22352173047812887,0,63.428731870373696
0.17248131424510557,0,63.36440388915869
0.1520971480005071,0,63.44664508902124
0.2010259313430222,0,63.464736402599584
0.2224539386819973,0,63.56120098842451
0.13971454422995735,0,63.44692284192983
0.17436533805072985,0,63.544192146333906
0.16398046312028502,0,63.76746873152748
0.15832360573172008,0,63.81437764681131
0.14816761630205644,0,63.958133680799705
0.16850668376858813,0,63.68179316653991
0.13346129226579598,0,63.6066215772075
0.12432909073698654,0,63.90589688639238
0.14466815820351828,0,63.9149144796393
0.1251435560635279,0,63.82037634635733
0.1255654342441628,0,63.95487532451267
0.14860923057243366,0,63.671585778468305
0.15475073536898337,0,63.74806144021174
0.15826775985546493,0,63.857563808847814
0.1811798502914713,0,63.949563501840515
0.13509971747850077,0,63.61548536460606
0.13621225904247175,0,63.82589055688364
0.20731746127236583,0,63.917753010665976
0.17181075190723327,0,63.90464494596579
0.1460037632634346,0,63.55589388558067
0.1481414211585293,0,63.86184515879644
0.19181075190723326,0,63.94703112581228
0.11561094256889008,0,63.62594744808959
0.1559833735416906,0,63.65442523734373
0.16595032063761642,0,63.73551761911345
0.18064869890977714,0,63.712194745402115
0.15468443587888112,0,63.502295176636935
0.1665812878439261,0,63.890652609566224
0.20041981340899595,0,63.97327129915505
0.18943319045859702,0,63.877774849935484
0.15468443587888112,0,63.66778726500894
0.16608592034553607,0,63.79685049633269
0.1663148058463172,0,63.87015170874793
0.16457126427167418,0,63.92657405329535
0.14647874104008063,0,63.84136122738109
0.15587700448313538,0,63.83584701685478
0.1356679810480083,0,63.75965326641832
0.17959585352283255,0,63.838712818049174
0.1703464972545149,0,63.7785108095908
0.16595032063761642,0,63.658439055891996
0.19031726660515047,0,63.873761227381095
0.19041981340899597,0,63.68444722968542
0.23250836712606332,0,63.74773094827012
0.2224124884641785,0,63.83596334061462
0.20057580283865964,0,63.50688536460605
0.1904732560348141,0,63.68082719188335
0.15964929614865073,0,63.78037601043496
0.1597689726740234,0,63.785292936652375
0.1359833735416906,0,63.95988723785723
0.16584777383377095,0,63.883642393675025
0.15961298324435974,0,63.935682576847256
0.12550839576504458,0,63.61248100401967
0.12598337354169062,0,63.94542672148189
0.1460859203455361,0,63.936301228527036
0.12631480584631724,0,63.86829653663387
0.13538829915630832,0,63.85234304556291
0.14575732795776272,0,63.80133397496957
0.15631480584631724,0,63.87832073059645
0.14475073536898334,0,63.748976610785206
0.17608592034553602,0,63.82082066124317
0.17595032063761643,0,63.67875444050739
0.210419813408996,0,63.73253604585856
0.21910010695683868,0,62.58645727807415
0.2026387797600712,0,63.16189224169748
0.220498878545196,0,63.46338726939536
0.22072776404597716,0,63.49411561056141
0.252508920229716,0,63.58651118866825
0.2549961618730732,0,63.237917126533056
0.27942230007111407,0,63.033658487915446
0.27480639861333855,0,63.066030101222715
0.24471218611865023,0,63.14131286706018
0.23512436895575003,0,63.34068826408241
0.25215752510847,0,63.427285353772284
0.26655403562508645,0,62.39411944416179
0.25374874579726064,0,63.1024424284223
0.24230017952835606,0,63.292574325086974
0.19489090212897012,0,63.24348740009611
0.2085973227983743,0,63.274357922017565
0.1942389185815615,0,63.403572784368116
0.2115114125925532,0,63.59651498572345
0.1963007088870323,0,63.49074291028384
0.25759683334875627,0,63.513835406671895
0.20393096794458035,0,63.40983722967394
0.24640406461230055,0,63.51583039668189
0.2042389185815615,0,63.56548791922706
0.22349231564092198,0,62.813452151922455
0.2440100330807804,0,63.45943545482071
0.2167054437287514,0,63.48684100331418
0.2340875104778966,0,62.2718970051793
0.2455936275081054,0,62.92206999340136
0.27385404365111676,0,63.35980955815969
0.206370195098164,0,63.27200541762629
0.24408751047789665,0,63.37651335226031
0.25387599642630765,0,63.24774977420858
0.2570543444121278,0,63.235440133978926
0.22451724746853938,0,63.34611348477675
0.2409653182423595,0,63.42906573648266
0.22387599642630765,0,63.43041474130349
0.25344549544233846,0,63.39799686634532
0.22128197398811944,0,63.413625594513896
0.22559362750810538,0,63.387912250960696
0.2090359019489339,0,63.396042577057244
0.22113931263537404,0,63.31830289101823
0.2104188275907481,0,63.36286770339832
0.20155805707995533,0,63.38220196350751
0.20041882759074814,0,63.48323289380541
0.19072566720056927,0,63.33205001229251
0.2029446335516445,0,63.43955609561584
0.20663697833542785,0,63.42225713008756
0.2237392481285337,0,63.4583967270066
0.2113502735833104,0,63.315815476672924
0.2111671784655364,0,63.579227607570246
0.1893669565590425,0,63.541037405678615
0.2017690180278917,0,63.66045851921964
0.19642601738749144,0,63.51558398901196
0.21377702343103053,0,63.64295317445446
0.2044888462696609,0,63.712584991503135
0.1910537971731846,0,63.3878812998432
0.1905147062526329,0,63.374332788173504
0.2113986696342149,0,63.60394159493014
0.1917690180278917,0,63.48447539093928
0.17105379717318459,0,63.45770890237255
0.144897463787663,0,63.47210533176357
0.20161302859822805,0,63.687497498760976
0.1905425720827953,0,63.53107295912109
0.13917389828864113,0,63.512522147529424
0.13424610685960933,0,63.57497371652587
0.16431189542491167,0,63.666421812927574
0.14901790885897748,0,63.61434252115072
0.16417321078849179,0,63.43901145805223
0.1455654342441628,0,63.57137698485104
0.17827016310590194,0,63.50264139530373
0.1717155754020736,0,63.44609679757638
0.17171227307006226,0,63.407246511859285
0.1645517341495683,0,63.37013997821152
0.19064869890977712,0,63.386716513134026
0.17451258885721813,0,63.36037497976914
0.19271932807399966,0,63.398782909382845
0.22493829442507488,0,63.39401871185198
0.20491449106897586,0,63.35255916520838
0.23405936302063876,0,63.383859977735156
0.21507308616653684,0,63.44862686988544
0.21509428385473853,0,63.34329920550931
0.22383997207947975,0,63.37907419937224
0.1927973633946233,0,63.38011288591821
0.2296492961486507,0,63.33599700679136
0.2128753175036633,0,63.3539084787946
0.1826922223858893,0,63.37330159052905
0.19891868011710234,0,63.425168911668955
0.21190486274745837,0,63.46311838502162
0.22324489769409742,0,63.421191672354574
0.22416450402937269,0,63.43310004138557
0.21408046502477493,0,63.48392745988819
0.19319156603925616,0,63.37907419937224
0.19936695655904252,0,63.471191428823474
0.20999156294178362,0,63.38993766892661
0.17936695655904253,0,63.420944397882195
0.1476193223709293,0,63.50703994987732
0.18474147435799929,0,63.57971439818626
0.2013841430974469,0,63.451755473756855
0.16187775705934804,0,63.430667481789676
0.17987818164943184,0,63.41282785613943
0.19850668376858813,0,63.55015447953348
0.15446788485457533,0,63.418295988550284
0.13588366665469834,0,63.537813424003964
0.2014020676502917,0,63.50919411658714
0.20142993348045407,0,63.47166390422486
0.1586626731982518,0,63.45753347425317
0.19477112509072733,0,63.485229722623735
0.16971553004820522,0,63.559737502586515
0.12469393043850323,0,63.44212329067591
0.1674437999693015,0,63.53494762280957
0.1908842452172243,0,63.4615928146691
0.13583982806967124,0,63.412099948731374
0.1772149144685203,0,63.48777019636031
0.2020038101776347,0,63.55163418448177
0.16987151947786885,0,63.43391485487696
0.1460766593345521,0,63.474529705419265
0.18201583954452652,0,63.61205210187208
0.20169107538186062,0,63.50893944901614
0.18266435655572694,0,63.40010328425881
0.17119698001299846,0,63.46068208604304
0.17610631006728006,0,63.39395401000359
0.156641464375564,0,63.48212598770841
0.13559300826369078,0,63.43277441311079
0.1462609787201906,0,63.422671115046825
0.1888325648964768,0,63.447422849140814
0.19735422769730362,0,63.39207503795761
0.1773925281906099,0,63.45087648295736
0.17656856830444645,0,63.51463623216646
0.13638877551868384,0,63.39741185144649
0.18793570893919587,0,63.445738012156816
0.14188648186958994,0,63.46454638654972
0.17612166560477285,0,63.44519382244272
0.11728789228406933,0,63.37144056840323
0.12163165017926852,0,63.49765281620827
0.18924878012639382,0,63.42020738675771
0.16923748791312898,0,63.448521531625836
0.13153715805799593,0,63.43020435758127
0.16115228312755106,0,63.448521531625836
0.20986255202062865,0,63.475288020192565
0.14923748791312902,0,63.530383350681504
0.18592122220908125,0,63.38121156840323
0.1699199542455171,0,63.46883413848863
0.15904757904184214,0,63.33599700679136
0.1747845691281005,0,63.40095967434212
0.1401615405106988,0,63.4535645683679
0.13457722945509792,0,63.395874762711266
0.14278593127956796,0,63.489762440267754
0.14979477710358377,0,63.426379729850765
0.14328789909587292,0,63.365529151736574
0.11879611752782708,0,63.412427639645436
0.11966640536340427,0,63.360783794990304
0.16303608825901392,0,63.38848363184339
0.13855505555377448,0,63.36037497976914
0.11061645915452134,0,63.37614534681857
0.1430105791806795,0,63.34278816520838
0.14864420442164192,0,63.451755473756855
0.15331943454462446,0,63.361782059919626
0.1442953556381054,0,63.37590146321021
0.14354832004540563,0,63.35382644766914
0.1309182626840912,0,63.343119597459435
0.13175047434409837,0,63.40554549737407
0.17101566142794192,0,63.290596215264486
0.16355524504693492,0,63.31870486733874
0.12475880495715728,0,63.41351571590515
0.150783613488379,0,63.38715794067273
0.14137113437420537,0,63.440453628105935
0.1424715390108911,0,63.39034062910172
0.13502926310974292,0,63.41347261932989
0.14289149424367134,0,63.38524971835085
0.13501734488928305,0,63.343119597459435
0.1519327921084974,0,63.37788453303287
0.12179997939486877,0,63.38993766892661
0.15026483489843376,0,63.38196988317654
0.14087359901942065,0,63.374995675304234
0.11048502929570288,0,63.361697697930396
0.16181941081614554,0,63.368738456270734
0.15023859449885008,0,63.3789530802401
0.14882076997022073,0,63.3650708577782
0.1730116053300405,0,63.388058294753165
0.1549603266376957,0,63.351926697930395
0.2139415748650111,0,63.40651622297878
0.21777603354134967,0,63.334634558477774
0.20819477798593095,0,63.31894531573545
0.20403911389560872,0,63.394113694580156
0.19293593906397594,0,63.38468231331502
0.2438646505715475,0,63.40528875240255
0.2326899532740415,0,63.336635432561906
0.23945303866902004,0,63.387912250960696
0.25546885973600647,0,63.33278385435792
0.2328590147705123,0,63.334627732402105
0.24229815643337582,0,63.33309064366687
0.24293468103657687,0,63.35922889664835
0.23583258021974168,0,63.29254311346865
0.233652921331288,0,63.284955970229746
0.2259459615120935,0,63.38468913939069
0.22494537005521184,0,63.42001384837077
0.23547062129334428,0,63.396042577057244
0.24345138784522288,0,63.376524702099076
0.25753424425770705,0,63.38859025928537
0.21555688341339338,0,63.258282596331036
0.20225008086359098,0,63.338649357892635
0.24633876530839863,0,63.361704524006065
0.21966412181042533,0,63.415241486054526
0.23777244673294162,0,63.43635710908765
0.2634716002410431,0,63.46364028334625
0.2980949804379366,0,63.38196988317654
0.28412325417932255,0,63.333348597459434
0.2928372381931592,0,63.31894531573545
0.28704082983810036,0,63.43694810790056
0.2932447821755019,0,63.34649275730724
0.3148283291665196,0,63.42285541893517
0.32615109517418633,0,63.16185049853975
0.3317578327082623,0,63.24618276018273
0.316927423955049,0,63.313028740724086
0.31399609040898,0,63.16116095983435
0.33771778250022083,0,63.34860809625745
0.34678993588132767,0,63.359756860358786
0.4055081388476316,0,63.20688350311456
0.3634194950291665,0,63.25831681233408
0.3695015973997128,0,63.37529792203255
0.3828427944302758,0,63.2992040952136
0.3720986433812645,0,62.324639206323546
0.3697478009654195,0,62.79586277360684
0.3395611201949923,0,63.32362995233558
0.3816499194912021,0,63.20316131540093
0.3875231633372603,0,62.96881069262022
0.4204694140249316,0,63.317708771451755
0.43620034365495164,0,63.18705419848028
0.3668984865256973,0,63.292993254009396
0.41668473108623033,0,63.24771879386384
0.4249484277090487,0,63.241856789180936
0.3777950983532648,0,63.351843048288316
0.38339188506669125,0,63.31898500162025
0.3870831986223869,0,63.10949868798604
0.3771288047124321,0,63.107236949437805
0.38401649144943234,0,63.21146244609171
0.3574875435887743,0,63.284197510957284
0.3875718257641648,0,63.26595159303586
0.37579759404417706,0,63.214115763539915
0.4203147725050727,0,63.15324063501086
0.3954205368576872,0,63.215529984714195
0.3773042641780384,0,63.199840741971855
0.3857975940441771,0,63.129368611931866
0.3852798766043188,0,63.26094458923112
0.3857975940441771,0,63.232690099893304
0.3845027751886495,0,63.14194501830823
0.3831486000877162,0,63.29138771460722
0.40674962003814513,0,63.25702299768626
0.38295038631147904,0,63.206475546863004
0.408964091800875,0,63.317605868087384
0.3783552631672836,0,63.21129739577346
0.38729270399942206,0,63.28964406700424
0.387956795631127,0,63.27490853926022
0.39570626921082264,0,63.20940203094076
0.40559938026793985,0,63.26003727336499
0.376223986650681,0,63.227261014443805
0.3883552631672835,0,62.324024877669075
0.40005201749015507,0,62.564396768183826
0.40357499269422015,0,63.1492880842883
0.38638206913221607,0,63.313667393203204
0.37325674920937646,0,63.43608185158694
0.37760826275369125,0,62.899982140728504
0.4347402719448414,0,62.81482228639437
0.41232315483912324,0,63.17573268314137
0.3869122726260473,0,63.313667393203204
0.37653034954857845,0,63.3541311056662
0.40591665335566146,0,63.334364064711956
0.4226304057779056,0,63.376428894207905
0.41439612117900004,0,63.091078415382306
0.38517671699140477,0,62.83353625218255
0.39835526316728354,0,63.09611483525305
0.3664528721514621,0,63.347690565265054
0.40417701654953736,0,63.30782443981685
0.4056312515750109,0,62.30226806924202
0.4256266702490122,0,62.766003821767164
0.4259198255353087,0,62.81966696655699
0.38932791970601366,0,61.24800675116912
0.42637436011891483,0,62.878712079259394
0.44263650479870775,0,60.25416243904143
0.4355077554685976,0,62.55071550932075
0.42532709045963857,0,60.9485335201289
0.46147674486209395,0,60.61632490019663
0.45206164091128526,0,62.49622641253259
0.4715695868882232,0,60.8067794853162
0.4909018809746716,0,61.65941578160859
0.4582210334570081,0,60.527683531087426
0.49286353083682727,0,62.61837060257594
0.47796641086417657,0,63.06771874596521
0.48878571693232054,0,63.199169767966765
0.47710496865858326,0,60.11485157216158
0.4841555084506924,0,62.58908233684816
0.4764544257632595,0,60.560030688449295
0.49349899620325977,0,61.419055643934556
0.45467055625059666,0,62.93493730875132
0.4964425602318052,0,59.85816414422547
0.4949287336371423,0,61.84059822087224
0.4729103971100132,0,62.48294891021212
0.47643159204947294,0,60.56106510202959
0.5010809374084803,1,60.13528603520007
0.4931697805151024,0,61.55455241820764
0.5237085075308094,1,61.556833094737875
0.5168736470289251,1,59.791722751333864
0.5034615994672097,1,60.22858169792647
0.45911774405726363,0,60.23967733191937
0.5326620135758656,1,60.43386132807328
0.5108741827185387,1,60.374083508126716
0.46004484772875925,0,60.273466711954626
0.5043519109856966,1,60.34781399639126
0.5125151415170768,1,60.11963956871304
0.5062907747102814,1,59.30594627119932
0.5659061832217511,1,59.26691611560358
0.5528612191772133,1,59.83444007480216
0.5122907095907999,1,60.916686153813224
0.4901608416704605,0,59.660762396492075
0.5343313084491972,1,59.65297867736308
0.5333426453534773,1,60.25269944877621
0.5507752773511428,1,59.71107293607165
0.5845133479222848,1,59.68418266932349
0.5574398481468912,1,59.841900153313766
0.5157029003123873,1,59.2968962481896
0.6041410000936683,1,59.20073900942783
0.6225446291698817,1,58.28962231354717
0.6013504928055299,1,59.10120496311333
0.586054290446393,1,59.096000879492465
0.5880345932289344,1,59.000570794406286
0.6381907120810746,1,58.919271159773444
0.6046706020887939,1,59.0612785747349
0.6835814414332937,1,59.08944200113559
0.684975550807181,1,58.89205013167927
0.69115336621785,1,58.51301244474007
0.6549883998841898,1,58.93498906918466
0.5833198091363125,1,59.00999757624602
0.6527835217821066,1,58.81985388645375
0.7199934737507451,1,58.58061042966672
0.722977852411377,1,58.50028672214157
0.6209036340373421,1,59.19497138425047
0.6167807581140373,1,58.79645489558773
0.6390695070113499,1,58.85703695054899
0.6811055530596505,1,58.86547225572836
0.7089357312891069,1,58.31528454239899
0.7405068252546352,1,58.26132565057846
0.7181834322344826,1,58.70131617517439
0.6733606705477464,1,58.17881758600377
0.6708210633483657,1,58.2249596872214
0.6815792622100483,1,57.76969631902791
0.7211285027095312,1,58.09823196658704
0.7739510320469704,1,57.808665591129014
0.7171745590790963,1,57.57407327702439
0.7408039281981987,1,58.130337607970205
0.6814179525726687,1,58.16280011264832
0.7152936402328245,1,58.083659242089716
0.6981432416395376,1,58.13748881031403
0.6625944450313689,1,58.16388330317861
0.690693116540385,1,57.747935747453496
0.7350489626189404,1,58.09608988069747
0.700693116540385,1,57.80060018945856
0.7464599372163545,1,57.44018972760399
0.7584629108136912,1,57.799882527804
0.7184629108136912,1,57.86964296658705
0.7164280942798357,1,57.866449452126055
0.7422850954030222,1,57.86964296658705
0.7522850954030222,1,57.580492201289296
0.7342835328515277,1,57.74838507595399
0.7495152788722949,1,57.36079439037107
0.7679420586826156,1,57.12906779739164
0.7608273772498125,1,57.438291805700956
0.7139437153239734,1,57.33172078677447
0.7362147840993417,1,57.3226864237312
0.8063951077353501,1,57.163761001732055
0.8274058383681941,1,56.97948109140514
0.80907100613658,1,57.04299014322764
0.730914450914334,1,57.05523351267357
0.7933776717958066,1,56.58806207518553
0.7967080836717456,1,56.86419421706977
0.7175549811388108,1,56.84451124967475
0.6866928208018266,1,56.97064113431022
0.6808129448042806,1,57.078845852693284
0.7466043841559195,1,56.71647141085689
0.7283241351116985,1,57.10721652761689
0.745861323605715,1,56.81515054466722
0.8109044396445861,1,56.550464119420916
0.8364374847934188,1,56.91903488854164
0.8130666715684444,1,56.4599279812272
0.73784831679491,1,56.68921913047852
0.8029120909222277,1,56.609575826429825
0.7736309455503455,1,56.61635734176891
0.7553139600578516,1,56.68629939852131
0.678430754918085,1,56.36567062101304
0.7110782840774494,1,57.028675485271044
0.7334430042094379,1,56.789147549502694
0.7045323501346884,1,56.62607109163042
0.7698300069019607,1,56.52390987811447
0.7305407646799593,1,56.81290407876711
0.7777886032562223,1,56.76494538096497
0.8058093631299204,1,56.75256083583979
0.7731925424729295,1,56.56681608304338
0.7373389788616103,1,56.61232690741332
0.7708907681666447,1,56.61353901061791
0.782376102510558,1,56.98066905902292
0.7326268529699083,1,56.86059630999209
0.7926927665934143,1,56.8247232847978
0.7432231253161292,1,56.5686058063262
0.6977517330016201,1,56.888899948565296
0.7655190051124936,1,56.83479752791047
0.7496804604243188,1,56.756812677825664
0.7475888750845283,1,56.56656367593474
0.7032005672820056,1,56.61648026841841
0.7264586915510648,1,56.695475076941385
0.7210615452794044,1,56.662358380417146
0.7575238273045636,1,56.60972541527476
0.7569451628925964,1,56.89186345468047
0.7506303837148343,1,56.80218244607025
0.772636120717128,1,56.73822845366422
0.7352728952352962,1,56.58400102980549
0.6954462385484991,1,56.64586957344642
0.7166977306117723,1,56.65052116847989
0.7216159326773347,1,56.67090751545077
0.7563118714199277,1,56.9225674461197
0.7758712204365567,1,56.805073950192806
0.7617342182482585,1,56.65338653860635
0.7372251853719541,1,56.784210219805075
0.798606842032666,1,56.79433385863977
0.7839494819197376,1,56.517177225201
0.7586916441977404,1,56.392758853209465
0.7767088439430516,1,56.58661907715468
0.7613730330381883,1,56.3607152081595
0.7460174081579861,1,56.893210259290214
0.8204417186705717,1,56.7646822963057
0.8286326693071225,1,56.39486488942764
0.738594109084349,1,56.49903398196863
0.7572438519816448,1,56.74144663991741
0.7806813306086009,1,56.749030010069035
0.7577897557581481,1,56.82749809399142
0.7721517998381902,1,56.558802367750914
0.8151255330212068,1,56.4422917415267
0.7902325321447882,1,56.497411028646205
0.7145567535568966,1,56.80926955109757
0.7565249629915894,1,56.55106838115366
0.7927172099018227,1,56.88783373782093
0.803061325988932,1,57.23799174720696
0.8345872915968059,1,57.03944749554764
0.7913410706102788,1,56.918222502960944
0.7783757678788078,1,56.566818105306936
0.7633640068872183,1,56.62825777951273
0.7464751093143346,1,56.93197270599794
0.7610612059105043,1,56.80590633050425
0.7577073569379016,1,56.91763354199358
0.7735593659016885,1,56.65515043652184
0.7688922003098678,1,56.5989526134512
0.7322378204936751,1,56.84862389112374
0.7701196122422834,1,56.58618997367197
0.7387308497972727,1,56.70435391410239
0.7377438019623517,1,56.914177667191105
0.7826514705701131,1,56.87292163820105
0.7691766417526381,1,56.85660325936198
0.7648847200140714,1,56.61302759631663
0.7345853643949247,1,56.87579512931822
0.7341921340474411,1,57.03718000753188
0.7377239308410679,1,56.75385940698444
0.7731423681642123,1,56.55957295001632
0.7238532823408641,1,56.72783921651489
0.7635541173029878,1,57.03734350586891
0.7490998007048258,1,56.613580194147396
0.6961109031495603,1,56.611592624134836
0.7688124137923802,1,56.99440674586919
0.7680383407780433,1,56.91660720959896
0.7353023146162349,1,56.89540207019503
0.7497496312114734,1,56.848702185276785
0.7248654541127354,1,56.94833183468958
0.7634776454600706,1,56.71282632881671
0.7816355390363884,1,56.870910264064484
0.7546760952689684,1,57.20835216924933
0.7406551373284611,1,56.93074623728128
0.7515289903507067,1,56.90455511177499
0.7607154876617325,1,56.62625600681844
0.7453431338761624,1,56.834412483127444
0.7716432282395621,1,56.9044358649438
0.7564693836116773,1,57.122592079798494
0.767966761569079,1,57.15949468675479
0.7640379156924676,1,56.871688582173945
0.8088823202475782,1,56.98180520115819
0.7825468586584282,1,56.38004571694019
0.7391636524896008,1,56.537725037723966
0.6952286579246207,1,56.744528846104956
0.7720895251545152,1,56.794257664391104
0.8028065351160126,1,56.07402072702995
0.7635464339383362,1,56.47254452214253
0.7145956199871232,1,56.94168937813396
0.8105458220046308,1,56.77999836306656
0.7931944965285079,1,56.59334922001788
0.7573707843546097,1,56.90676470936263
0.8390059890784568,1,55.90857379340108
0.7679782586465816,1,56.43873670819847
0.7582359509928661,1,56.96041891714364
0.7964161131627752,1,56.54761951217415
0.8219494813529249,1,56.48588229570676
0.7680035731545893,1,56.47294191723525
0.8019986007760831,1,56.69318183600954
0.7610670929398706,1,56.65012931462057
0.787403891789289,1,56.44983716348839
0.7596082671931821,1,56.499272687976365
0.7456084402787273,1,56.65681764772907
0.7685805875082937,1,56.3880923384033
0.8209692327679865,1,56.58246454558546
0.8246213520879887,1,56.872402313695666
0.8253186622709745,1,56.994602542048966
0.821951620371779,1,56.84536743493367
0.8332024025595197,1,57.07863581164966
0.8625909946523823,1,56.88192006926411
0.8955906879928425,1,56.82054521182888
0.8909567846069457,1,56.57520288478375
0.8958036194957011,1,56.84947366051255
0.8999226287001347,1,56.91664849717254
0.8897323607592896,1,56.7094672723601
0.9117435015820979,1,56.90004454831026
0.9205616248513736,1,56.53750778894236
0.9353745696567611,1,56.67518928486727
0.9298368266860179,1,56.87118936477005
0.9500249420586584,1,56.81308191554893
0.9509095099925713,1,56.7141378553902
0.9592683672924229,1,56.68732647481362
0.9485503400861515,1,56.72706020332687
0.9418723615434647,1,56.72706020332687
0.9511458933477995,1,56.704711664914
0.9422872217378181,1,56.639663212378
0.9407309048425715,1,56.72106772426302
0.8221875443191987,1,57.52298821192592
0.9130783281486841,1,57.122136111940975
0.893198414187936,1,57.43518604571793
0.9237243186792459,1,57.093209037360786
0.9149673896695033,1,57.30254738595185
0.8997599309629465,1,57.579548366460386
0.941243216759958,1,56.95495306863112
0.8882833117534814,1,56.750605584485996
0.9439997727811157,1,56.75094561659275
0.9559476960022768,1,56.68157702285279
0.9454537397458691,1,56.709245723615695
0.9612024003296085,1,56.814241242975925
0.9601189953344559,1,56.612147601535725
0.9629179631123774,1,56.745279193196346
0.9624334214202349,1,56.70698152247294
0.9725574050559758,1,56.747717418305065
0.9610238594260327,1,56.73517771299075
0.9615791555655698,1,56.75651908455041
0.9722776949719304,1,56.81252435425384
0.9639659496594004,1,56.73282067037878
0.9689698434179997,1,56.76958699651848
0.973494679331182,1,56.682373480506016
0.9830085677908109,1,56.665624057396215
0.989125714827966,1,56.65487132185883
0.9938426359100364,1,56.53239532818809
0.9806773538094115,1,56.66309818116761
0.9893438197137994,1,56.69242276439852
0.9937127842170154,1,56.734840553774596
0.9941156486607455,1,56.61082854903386
0.9931587803505113,1,56.67387634252103
0.9941156486607455,1,56.50260856073909
0.9942036748384905,1,56.47384118609667
0.9942036748384905,1,56.573610504867844
0.9942418248637042,1,56.44406328423208
0.9939489143043625,1,56.6317490565009
0.9951194967430327,1,56.48103608208319
0.994941650532511,1,56.67178022245982
0.9948833666556856,1,56.663956088479615
0.9947953404779405,1,56.67196818415976
0.9947953404779405,1,56.67196818415976
0.994921516680899,1,56.67196818415976
0.9941830527346108,1,56.71139213450802
0.9941830527346108,1,56.78576739009898
0.9941794323614598,1,56.829776921258286
0.994745020431745,1,56.67196818415976
0.9941327326884154,1,56.78325592839238
0.9941327326884154,1,56.76430472194983
0.994173718899833,1,56.784220745587
0.9948033043085706,1,56.733253065453816
0.9942291665904546,1,56.73108814413027
0.9941327326884154,1,56.78041726146511
0.994170882713629,1,56.77635313524135
0.9939744060563265,1,56.80591702181826
0.9939744060563265,1,56.825055253208
0.9935751084487602,1,56.931962596207875
0.9835296808607906,1,57.76953364011195
0.921420656294297,1,58.23224527031363
0.8827684602172745,1,58.297665260601846
0.9365803822590858,1,58.1181727699525
0.9529529989073309,1,57.150234365422264
0.9636069530534047,1,56.876922155928945
0.9560188476902164,1,56.834617225868925
0.9953479154900982,1,56.84891283338126
0.9849926324641279,1,56.897711919030655
0.985908040202703,1,56.72810556667642
0.993817040356999,1,56.83237746613284
0.9942199048007292,1,56.67512164855203
0.9943341141710467,1,56.85309719928708
0.9900700224930187,1,56.75422525189064
0.9816283369904021,1,56.63791453530355
0.9954296592064317,1,56.88244285327196
0.9952833491518611,1,56.87845422954316
0.9953677194970452,1,56.73866021353036
0.9950579129434043,1,56.82001917270324
0.994317196981377,1,56.712510697844934
0.9952392912783476,1,56.65003600187437
0.990610396374022,1,56.756610290256525
0.9908703267751316,1,56.701636756141724
0.9899981086306924,1,56.74469769380497
0.7204410946514552,1,58.83749737963197
0.8097243396699808,1,57.93659563258329
0.8870154745907055,1,57.1966879334418
0.944687191568645,1,56.90203090882061
0.960291350850046,1,57.8620065948151
0.5539730741961826,1,59.56192491547824
0.7137844319029983,1,57.97045031061924
0.9052594658115538,1,58.086388793967814
0.8655811725216709,1,58.47252408055103
0.5345235128575119,1,59.61514632766993
0.6575204931214512,1,59.23802946678058
0.5763266400529309,1,59.679793160095606
0.6166521510908334,1,59.687786770220555
0.39448463196549044,0,60.734235502541175
0.6866659425865762,1,59.34067925464552
0.5084254391239506,1,60.12617350212638
0.46648292729839136,0,59.76029814687848
0.38670395579788985,0,60.31271195191997
0.4836279533777494,0,59.75682438420672
0.41759141425356966,0,60.326195609928625
0.3613573597755408,0,60.48168269725658
0.563076571020397,1,59.77294022519663
0.8170135995729462,1,57.638108248010404
0.7196247184529518,1,58.49793546949569
0.7058311751902784,1,59.591685475540714
0.39082784530672726,0,60.53182800072351
0.3935118391265419,0,59.90138070498883
0.388265062663624,0,61.35304636244084
0.27093632066241957,0,61.25605099574405
0.2918548988259735,0,60.86654159553274
0.3210752423288597,0,60.65027417557858
0.3639946807700122,0,60.57334447050949
0.31223868942063127,0,60.61808436041938
0.2634619171045881,0,61.56499669309408
0.32327874444199667,0,61.21446231230461
0.30596907918504934,0,61.77383227061773
0.30048891063671784,0,62.69342351199345
0.28887074103040133,0,61.24187691580821
0.22136203536971696,0,63.06625494910886
0.22592300510229057,0,62.2321143292122
0.24754550039401518,0,61.54056513756356
0.25276813797892156,0,61.63840898537542
0.24894318892726156,0,61.53428882738717
0.2217435909873873,0,62.738665597910696
0.25945040331502056,0,63.20110682723843
0.2518210683845036,0,63.256058840505275
0.22416040654901412,0,63.29361313449516
0.2551918802495188,0,63.07440727257206
0.2803316204741551,0,63.36111233484031
0.25459014353965687,0,61.80678555718375
0.23349119373118846,0,62.80000053863418
0.2542389185815615,0,62.14350163991817
0.23703828600625618,0,62.417193900653736
0.27318379619786,0,62.8232574536141
0.26408292915189785,0,62.18060498598495
0.23416040654901413,0,62.695169238404695
0.21408751047789662,0,63.12243142266006
0.24408292915189786,0,63.23343875467431
0.2846676209367731,0,62.12769521058265
0.22401003308078035,0,62.563816365578305
0.23120504969465583,0,62.90998678589298
0.25459014353965687,0,62.90301782358033
0.21431639597867774,0,63.0502884709543
0.2343163959786778,0,63.2346160180976
0.24629168306561666,0,63.48518489988387
0.2705637358528287,0,63.1395977598923
0.2540829291518979,0,63.30683063931493
0.25385404365111675,0,63.28459926522969
0.2440829291518979,0,62.30194645001948
0.24393152104823299,0,62.68123985038661
0.25423891858156156,0,61.20624108513535
0.2541604065490141,0,61.688360619622316
0.2240875104778966,0,62.87618369026371
0.24408292915189786,0,63.23408628146282
0.22416040654901412,0,62.26916123880656
0.22431639597867775,0,60.97339371994488
0.2738540436511167,0,61.92591298802598
0.2576826265176943,0,62.963587826444275
0.24466762093677313,0,63.29117408765358
0.23431639597867776,0,61.24806520294744
0.293931521048233,0,61.936032855722125
0.30056050597493633,0,62.80359061355429
0.2576826265176943,0,63.299923438223004
0.26356867112830473,0,63.27220595705657
0.23416040654901413,0,63.27224111787995
0.25393152104823297,0,63.08695492738109
0.2676826265176943,0,63.13886531741459
0.2541604065490141,0,63.06566906460459
0.24349119373118847,0,63.12074850558351
0.23416040654901413,0,63.382547323648254
0.22408292915189787,0,63.422893164424664
0.24688632479893866,0,63.54895419867262
0.2431832430942073,0,63.451743674956134
0.23393096794458035,0,63.34043643590911
0.20401003308078036,0,63.500538282570744
0.21137896367716424,0,63.50566583711006
0.2113142189257359,0,63.29631037736726
0.24408695737424402,0,63.279548408608434
0.23058044331191468,0,63.435238282570744
0.22637019509816406,0,63.19085159390448
0.22629571128796275,0,63.398306767971896
0.2589589776554703,0,63.48937378355975
0.22134624536096428,0,63.47467172162365
0.1935398283886191,0,63.42648422993713
0.24346235099150287,0,63.50208495157394
0.22341325050472197,0,63.54849898676447
0.2270506237702326,0,63.53517974857382
0.2113142189257359,0,63.595914674564504
0.224086957374244,0,63.61303730290338
0.2029446335516445,0,63.6238410301761
0.2014379634177831,0,63.50601507922614
0.19335827898644925,0,63.623318920977866
0.20152200242238089,0,63.47863308948292
0.2132345344944021,0,63.632390288762025
0.1804188275907481,0,63.51412315652013
0.20832360573172007,0,63.70214910967972
0.19056967777090558,0,63.8803758565825
0.23428824852141988,0,63.36341854544208
0.1628208890595973,0,63.39425090473759
0.20046564778933162,0,63.657850531504366
0.21066666745995044,0,63.6705923169801
0.16041882759074813,0,63.611259350804715
0.16489746378766296,0,63.60062611223107
0.20750914351428357,0,63.72954710230159
0.18640406461230052,0,63.69520306653063
0.19158592291011772,0,63.52078577297353
0.1797626774410025,0,63.544767525036896
0.20142328838979703,0,63.57217306047914
0.19252467831886422,0,63.74909503962047
0.16319156603925616,0,63.73330685856746
0.19206928217034466,0,63.68923277864881
0.20484408193038653,0,63.77809324518216
0.2064260173874915,0,63.63020538474309
0.19910201640068692,0,63.63571844808959
0.16883900313905276,0,63.594737619417174
0.16469393043850322,0,63.510502807568265
0.18474147435799929,0,63.86203569176051
0.1897221922197682,0,63.723521215884084
0.19079704584224108,0,63.506706785954336
0.1810867980472479,0,63.68190793779081
0.189469503362888,0,63.68385870529778
0.20959585352283255,0,63.84182024802268
0.19950280127860917,0,63.88251962317587
0.21155805707995537,0,63.548793877346064
0.23342036521585613,0,63.77736481301876
0.2542113242279563,0,63.69521770921399
0.20057582975508217,0,63.683072475535255
0.19459165399341816,0,63.60756585976297
0.1761964014504724,0,63.898956350130504
0.20713799017505663,0,63.8564523671948
0.20186016631070522,0,63.85919674946453
0.18460751158541744,0,63.71860495501317
0.1758733963441528,0,63.87407018102227
0.1990435313693593,0,63.87301750994233
0.1845382113676,0,63.83083842984086
0.16047283595145054,0,63.85234304556291
0.16598621345854384,0,63.85086334061462
0.17541392166669012,0,63.84136122738109
0.18713799017505664,0,63.81449113135078
0.2012226025233803,0,63.910112553621296
0.19549253817304524,0,63.67876908319076
0.1901374738193878,0,63.85919674946453
0.1852823501811166,0,63.716443845165415
0.19041981340899597,0,63.718950323754754
0.1904732560348141,0,63.62782642013558
0.17607006275353676,0,63.84096596031157
0.16647874104008062,0,63.797187738173534
0.16577445767928986,0,63.83215532888165
0.19577084954030727,0,63.82037634635733
0.24246218873030298,0,64.0024891791103
0.16289991019846883,0,64.36400355250845
0.1797518429524962,0,63.67429498356225
0.1782677598554649,0,63.741590712218276
0.201110536513117,0,63.785950646757684
0.15499717067465524,0,63.669279659851526
0.17598337354169055,0,63.82240763191262
0.18803887435468375,0,63.749219270194345
0.21252202211600785,0,63.849694636230986
0.2101570546124278,0,63.6990021666743
0.20297786430750883,0,63.60266874913379
0.173023654690516,0,63.68214592468608
0.20998072845327734,0,63.73330685856746
0.1896492961486507,0,63.70550755396737
0.1704732560348141,0,63.61334799557506
0.17698037361458874,0,63.691110138720276
0.18838233477391494,0,63.76353566635821
0.1460037632634346,0,63.67894958430307
0.1459833735416906,0,63.76549834217274
0.13556543424416279,0,63.739571365115225
0.18949330671898704,0,63.75344193472107
0.14503330850722962,0,63.672331212698
0.14982473902361376,0,63.63432024170178
0.16484402116184482,0,63.703625637742604
0.1822268004924629,0,63.620694194118535
0.1620971480005071,0,63.50288536460605
0.17466857828688181,0,63.31856643585173
0.18117075848867276,0,63.43760935963442
0.19207698012788174,0,63.340650796177385
0.173430719681486,0,63.63635244022459
0.18047325603481412,0,63.44518325503006
0.18961298324435968,0,63.606307211897935
0.2036347251282863,0,63.64037171925212
0.19253623295622568,0,63.65538403883377
0.2004732560348141,0,63.383859977735156
0.1724744976119268,0,63.330744555291695
0.19209714800050703,0,63.35898162217597
0.1897518429524962,0,63.42311254258553
0.16047325603481416,0,63.393326501302816
0.21146501629874084,0,63.57081266125676
0.20453221034341953,0,63.44039618747612
0.1818682624997259,0,63.42802963987041
0.2004732560348141,0,63.36383506696139
0.22167597724667723,0,63.49240428667235
0.1724098827962812,0,63.344131703912545
0.20987818164943184,0,63.41922253939945
0.20269388855308582,0,63.417748057499196
0.1719734035084599,0,63.41991167060947
0.1917690180278917,0,63.48392745988819
0.23171227307006223,0,63.55832764929853
0.16047325603481416,0,63.404534442114574
0.1591475656178835,0,63.42802963987041
0.1797221922197682,0,63.44403401676461
0.18949330671898704,0,63.51643067960156
0.15518929793689326,0,63.502295176636935
0.1692109671293789,0,63.50739873529688
0.17155805707995536,0,63.38172943477983
0.1918174140787962,0,63.463835583326464
0.19987818164943186,0,63.37738694067273
0.17739043687014816,0,63.382381573871164
0.13623264876421573,0,63.39681981119799
0.17744379996930146,0,63.456161988670516
0.2132684040085386,0,63.458810398002434
0.19269222238588932,0,63.39442518378785
0.18259297791405515,0,63.378262176453106
0.19197080930357138,0,63.41334154258553
0.16070214153559528,0,63.339034247315766
0.20949330671898703,0,63.43588980342438
0.20054615210593163,0,63.475040745720186
0.20964929614865066,0,63.437372696319855
0.20266435655572693,0,63.39001866887419
0.20475957841475498,0,63.428361510714964
0.20218099729550001,0,63.39681981119799
0.19070214153559525,0,63.461123513581754
0.14987818164943187,0,63.394763442114574
0.16655643857164265,0,63.391631753701795
0.21400851459970904,0,63.43523374236932
0.18135703740933662,0,63.43277441311079
0.14996203094442484,0,63.44878245805223
0.15054615210593167,0,63.56873258000444
0.1914020676502917,0,63.46430620201075
0.16181741407879624,0,63.454199632096795
0.14883483082210938,0,63.43901145805223
0.15972219221976824,0,63.50450723142308
0.17972219221976818,0,63.57971439818626
0.12525269944838865,0,63.55639152447492
0.15961304883490746,0,63.57478349463199
0.1611826767091327,0,63.537813424003964
0.12720844298763784,0,63.529480015154064
0.11509764076530077,0,63.42802963987041
0.10639657842811025,0,63.48940313697701
0.11588535333772093,0,63.50050098846252
0.10611423883850207,0,63.49087700390935
0.13606798604033685,0,63.45116994095776
0.10636352552403609,0,63.477178114751176
0.16689218286511817,0,63.53587532083856
0.17897426974374953,0,63.4670996320968
0.12843911079301906,0,63.370631136292246
0.1528624477272291,0,63.397073593119764
0.16790033700049697,0,63.55428259381369
0.17612166560477285,0,63.45518135950488
0.16495100144429642,0,63.44074596444406
0.17966412655489833,0,63.5168482869526
0.18731621583899014,0,63.44375623129261
0.147724894125534,0,63.48371707616597
0.16624134213014552,0,63.49960987655485
0.16495100144429642,0,63.386299839638134
0.14923748791312902,0,63.55163418448177
0.1842869905868669,0,63.41757262937981
0.16808784022397483,0,63.43826994095776
0.13410279633765157,0,63.3878812998432
0.1350575078472122,0,63.43023112724391
0.20054698428909595,0,63.461897977217795
0.13196676078703362,0,63.48371707616597
0.13423418599428402,0,63.40658573820506
0.15657723392893533,0,63.51643067960156
0.18348486354313998,0,63.52209411658714
0.1737952824524983,0,63.42043335758127
0.11940257875976613,0,63.43285276691319
0.13387485232737606,0,63.49870654102742
0.11009520109499586,0,63.47239233638827
0.11420431078176321,0,63.56873258000444
0.13420422397005288,0,63.51149977604727
0.10513747964333513,0,63.54046183333588
0.09905437958233194,0,63.502295176636935
0.10815303199027504,0,63.5454097062931
0.11490859414255397,0,63.585955845777875
0.08993939138737479,0,63.54046183333588
0.09966743805998662,0,63.50155365954246
0.09901288469736587,0,63.463547887237446
0.10888654600043023,0,63.468996944396125
0.11904063067347165,0,63.474529705419265
0.10963154523905923,0,63.54046183333588
0.10462857434573442,0,63.52396580462775
0.10781910094623029,0,63.474529705419265
0.13185448899952756,0,63.54046183333588
0.13148670662031547,0,63.508208205278116
0.09048068022281747,0,63.53494762280957
0.09480761419021112,0,63.48155274028555
0.08465162476054747,0,63.46619629656936
0.10016292188761491,0,63.550203527349815
0.0829490386413442,0,63.45116994095776
0.09294903864134421,0,63.530959720102345
0.10401927002715672,0,63.530383350681504
0.11460471325610323,0,63.4793185215924
0.11874504119954006,0,63.474529705419265
0.12092119045266353,0,63.47375072669937
0.12934598216863344,0,63.477178114751176
0.0885281795730396,0,63.45804716069928
0.1329955054447591,0,63.42424993573592
0.1411724067940524,0,63.4916637570524
0.10157111637565425,0,63.39189764092018
0.1140832919944989,0,63.429764146262244
0.11931990508696254,0,63.45091615903598
0.12658542973925788,0,63.42807381462595
0.13204751176832816,0,63.537813424003964
0.14022338468061504,0,63.51681094987732
0.1324772490098639,0,63.48035703234948
0.12199284054882195,0,63.418295988550284
0.12915599321165575,0,63.46512975654231
0.15077409867932837,0,63.446404640624536
0.10650751422667484,0,63.470597888953165
0.14554635969064006,0,63.50050098846252
0.1670502337810284,0,63.57971439818626
0.15305176087206512,0,63.48882063482593
0.14663269970136486,0,63.40945153939945
0.1514810295880652,0,63.446171385795594
0.18494504321705837,0,63.44375623129261
0.17252067508091862,0,63.526831605822146
0.1849714958032175,0,63.50050098846252
0.19743517261990676,0,63.5137975984874
0.1837661764956373,0,63.46619629656936
0.1810953987211735,0,63.42802963987041
0.19102017781007022,0,63.50051795786546
0.21568309314627895,0,63.48687076094879
0.190391807388396,0,63.46619629656936
0.245513062283738,0,63.42308176691319
0.18188970787460892,0,63.51997790192053
0.21019923479190583,0,63.43542282244272
0.2023660077186947,0,63.44411501671218
0.20079028095494197,0,63.4978525791306
0.22104881718845115,0,63.44776247425317
0.2115940303431456,0,63.50155365954246
0.20016196100120556,0,63.4978525791306
0.20127982841876943,0,63.49899302089676
0.24255058779147365,0,63.5221310073373
0.18189887986357112,0,63.537813424003964
0.20431374623903004,0,63.39442518378785
0.19676255460254424,0,63.50885136671536
0.21255109039163403,0,63.563784707047226
0.19637732909677222,0,63.47273525798416
0.1771247339918703,0,63.477178114751176
0.19888211399311007,0,63.65188797369449
0.2066409093570718,0,63.537813424003964
0.18185857365752603,0,63.62907448323362
0.20002471322804966,0,63.5102295188465
0.21049280930973907,0,63.47927495925696
0.19590580691264683,0,63.51643067960156
0.20013479247824895,0,63.50144088892583
0.18155010962678567,0,63.492508791413144
0.190109804354451,0,63.50050098846252
0.21696438999747797,0,63.529480015154064
0.2346576568281995,0,63.502303136977005
0.23493704878467978,0,63.44565573043145
0.24449995482473905,0,63.51149977604727
0.2648740084720126,0,63.537813424003964
0.2836962236481444,0,63.54046183333588
0.26971108472401656,0,63.48636548549789
0.33466357916150974,0,63.58872922816074
0.30392806177720016,0,63.5478240792851
0.2612922814452077,0,63.44074596444406
0.29212557179174936,0,63.46059860214547
0.3287608299442206,0,63.519292450703986
0.3378790020484482,0,63.4106423201636
0.35788256949874536,0,63.493321167660724
0.34066455633789583,0,63.53953637333265
0.33610255396809746,0,63.50562101815273
0.31042839998509814,0,63.501716490565926
0.3575827133939063,0,63.52419911862369
0.33001927178635754,0,63.48084316138546
0.3141004522597617,0,63.44319126146485
0.3278380986017413,0,63.38479752251834
0.36182959533164927,0,63.51478023091194
0.3689963595402645,0,63.549419304634355
0.3517280111581752,0,63.52419911862369
0.34662327802827503,0,63.42396942748465
0.37673499614548334,0,63.54842080532208
0.36477346379397346,0,63.460976544197464
0.33023652744534915,0,63.42747864874669
0.3174473506416834,0,63.426267830564875
0.35083849693782354,0,63.46279437208497
0.3617992543004753,0,63.491115734693814
0.38413442684391,0,63.531609270598935
0.3629602163307409,0,63.34934140150329
0.3667066046099282,0,63.42848968019182
0.37661434342236133,0,63.305106579216826
0.3580954391242564,0,63.46109106516933
0.3326416956158218,0,63.420939687331895
0.3581350094318434,0,63.373738072878915
0.37821805271593173,0,63.41205134426076
0.3834257382682711,0,63.39319866169087
0.362767555479152,0,63.286552924322514
0.358880410323311,0,63.339102313852884
0.3392169376946514,0,63.420194695622605
0.3726461558402188,0,63.41387312607029
0.3689885865669203,0,63.45314101913843
0.31948387041715115,0,63.27113082310679
0.35643547783444357,0,63.36808648902847
